Time,,Tracking,,,,Sensor Data,,,,comment
Absolute, Since Launch ,lat,lng,Speed (m/s),course,Altitude (m),Pressure (Pa),Temperature (_C),Relative Humidity,
5/21/17 11:28,0.5,44.05533,-103.204,2,0,992.73,90510,12.65,33,Pa=90510/Rh=33.00/Ti=12.65 Tracksoar v1.2
5/21/17 11:29,1,44.0555,-103.20383,4,0,983.89,90408,12.68,37,Pa=90408/Rh=37.00/Ti=12.68 Tracksoar v1.2
5/21/17 11:29,1.5,44.05533,-103.204,2,0,993.34,90358,13.08,38,Pa=90358/Rh=38.00/Ti=13.08 Tracksoar v1.2
5/21/17 11:31,2,44.0555,-103.20383,2,0,1008.89,90446,14.37,33,Pa=90446/Rh=33.00/Ti=14.37 Tracksoar v1.2
5/21/17 11:32,2.5,44.0555,-103.20367,2,0,998.52,90464,14.14,33,Pa=90464/Rh=33.00/Ti=14.14 Tracksoar v1.2
5/21/17 11:33,3,44.05533,-103.20383,0,0,996.7,90473,13.86,33,Pa=90473/Rh=33.00/Ti=13.86 Tracksoar v1.2
5/21/17 11:33,3.5,44.0555,-103.20383,9,347,992.73,90465,13.64,33,Pa=90465/Rh=33.00/Ti=13.64 Tracksoar v1.2
5/21/17 11:34,4,44.05533,-103.20383,0,0,1009.5,90470,13.36,34,Pa=90470/Rh=34.00/Ti=13.36 Tracksoar v1.2
5/21/17 11:34,4.5,44.0555,-103.20383,2,0,990.3,90420,12,38,Pa=90420/Rh=38.00/Ti=12.00 Tracksoar v1.2
5/21/17 11:40,5,44.05533,-103.20383,2,0,990.6,90397,11.97,38,Pa=90397/Rh=38.00/Ti=11.97 Tracksoar v1.2
5/21/17 11:41,5.5,44.0555,-103.20383,2,0,979.93,90369,12.31,38,Pa=90369/Rh=38.00/Ti=12.31 Tracksoar v1.2
5/21/17 11:41,6,44.05533,-103.20383,2,0,988.47,90397,12.43,37,Pa=90397/Rh=37.00/Ti=12.43 Tracksoar v1.2
5/21/17 11:42,6.5,44.0555,-103.20383,2,0,998.22,90421,12.48,0,Pa=90421/Rh=0.00/Ti=12.48 Tracksoar v1.2
5/21/17 11:43,7,44.055,-103.20367,6,0,1006.45,90474,13.19,36,Pa=90474/Rh=36.00/Ti=13.19 Tracksoar v1.2
5/21/17 11:44,7.5,44.05517,-103.2035,2,0,983.59,90459,12.8,39,Pa=90459/Rh=39.00/Ti=12.80 Tracksoar v1.2
5/21/17 11:46,8,44.055,-103.2035,2,0,982.68,90419,12.37,45,Pa=90419/Rh=45.00/Ti=12.37 Tracksoar v1.2
5/21/17 11:49,8.5,44.055,-103.20367,2,0,1013.16,90554,11.92,39,Pa=90554/Rh=39.00/Ti=11.92 Tracksoar v1.2
5/21/17 11:50,9,44.05517,-103.2035,6,0,982.07,90319,12.97,39,Pa=90319/Rh=39.00/Ti=12.97 Tracksoar v1.2
5/21/17 11:51,9.5,44.055,-103.20367,2,0,992.73,90638,13.98,36,Pa=90638/Rh=36.00/Ti=13.98 Tracksoar v1.2
5/21/17 11:52,10,44.05517,-103.2035,2,0,974.75,90340,15.08,35,Pa=90340/Rh=35.00/Ti=15.08 Tracksoar v1.2
5/21/17 11:53,10.5,44.055,-103.20367,2,0,992.43,90387,15.91,33,Pa=90387/Rh=33.00/Ti=15.91 Tracksoar v1.2
5/21/17 11:54,11,44.05517,-103.20367,2,0,988.77,90379,16.22,32,Pa=90379/Rh=32.00/Ti=16.22 Tracksoar v1.2
5/21/17 11:54,11.5,44.05517,-103.2035,4,0,1007.06,90371,17.83,30,Pa=90371/Rh=30.00/Ti=17.83 Tracksoar v1.2
5/21/17 11:56,12,44.055,-103.20333,0,0,988.77,90379,18.18,30,Pa=90379/Rh=30.00/Ti=18.18 Tracksoar v1.2
5/21/17 11:58,12.5,44.055,-103.2035,0,0,986.33,90399,19.29,29,Pa=90399/Rh=29.00/Ti=19.29 Tracksoar v1.2
5/21/17 11:59,13,44.055,-103.20333,0,0,977.8,90414,20.17,27,Pa=90414/Rh=27.00/Ti=20.17 Tracksoar v1.2
5/21/17 12:00,13.5,44.055,-103.20317,7,113,984.5,90199,20.41,26,Pa=90199/Rh=26.00/Ti=20.41 Tracksoar v1.2
5/21/17 12:00,14,44.05433,-103.20067,35,112,1053.69,89315,20.93,25,Pa=89315/Rh=25.00/Ti=20.93 Tracksoar v1.2
5/21/17 12:01,14.5,44.053,-103.197,44,120,1046.68,88722,21.07,24,Pa=88722/Rh=24.00/Ti=21.07 Tracksoar v1.2
5/21/17 12:01,15,44.051,-103.1945,37,142,727.86,87986,21.18,24,Pa=87986/Rh=24.00/Ti=21.18 Tracksoar v1.2
5/21/17 12:02,15.5,44.04817,-103.19083,44,145,803.15,87350,21.63,23,Pa=87350/Rh=23.00/Ti=21.63 Tracksoar v1.2
5/21/17 12:02,16,44.04533,-103.188,44,151,1259.43,86865,22.1,23,Pa=86865/Rh=23.00/Ti=22.10 Tracksoar v1.2
5/21/17 12:03,16.5,44.04233,-103.186,37,154,1420.67,86320,22.33,22,Pa=86320/Rh=22.00/Ti=22.33 Tracksoar v1.2
5/21/17 12:03,17,44.03917,-103.184,54,154,1467,85739,22.45,21,Pa=85739/Rh=21.00/Ti=22.45 Tracksoar v1.2
5/21/17 12:04,17.5,44.0355,-103.18133,46,157,1506.32,85184,22.62,20,Pa=85184/Rh=20.00/Ti=22.62 Tracksoar v1.2
5/21/17 12:04,18,44.03217,-103.1795,48,157,1559.97,84620,22.82,20,Pa=84620/Rh=20.00/Ti=22.82 Tracksoar v1.2
5/21/17 12:05,18.5,44.029,-103.1775,46,158,1634.64,84042,22.95,19,Pa=84042/Rh=19.00/Ti=22.95 Tracksoar v1.2
5/21/17 12:05,19,44.026,-103.176,44,161,1665.73,83586,23.04,19,Pa=83586/Rh=19.00/Ti=23.04 Tracksoar v1.2
5/21/17 12:06,19.5,44.02283,-103.17433,48,158,1708.1,83037,23.1,19,Pa=83037/Rh=19.00/Ti=23.10 Tracksoar v1.2
5/21/17 12:06,20,44.01967,-103.1725,46,156,1780.64,82488,23.12,19,Pa=82488/Rh=19.00/Ti=23.12 Tracksoar v1.2
5/21/17 12:07,20.5,44.01617,-103.1705,54,156,1828.8,82020,23.13,18,Pa=82020/Rh=18.00/Ti=23.13 Tracksoar v1.2
5/21/17 12:07,21,44.013,-103.16933,46,167,1845.26,81650,23.14,18,Pa=81650/Rh=18.00/Ti=23.14 Tracksoar v1.2
5/21/17 12:08,21.5,44.00983,-103.168,46,163,1901.65,81240,23.16,18,Pa=81240/Rh=18.00/Ti=23.16 Tracksoar v1.2
5/21/17 12:08,22,44.006,-103.16683,50,165,1937.31,80819,23.17,18,Pa=80819/Rh=18.00/Ti=23.17 Tracksoar v1.2
5/21/17 12:09,22.5,44.00267,-103.16567,48,163,1981.81,80410,23.13,18,Pa=80410/Rh=18.00/Ti=23.13 Tracksoar v1.2
5/21/17 12:09,23,43.99917,-103.16417,44,161,2006.5,79997,23.11,18,Pa=79997/Rh=18.00/Ti=23.11 Tracksoar v1.2
5/21/17 12:10,23.5,43.99583,-103.1625,44,157,2057.4,79575,23.12,17,Pa=79575/Rh=17.00/Ti=23.12 Tracksoar v1.2
5/21/17 12:10,24,43.9925,-103.16083,48,164,2092.76,79166,23.09,17,Pa=79166/Rh=17.00/Ti=23.09 Tracksoar v1.2
5/21/17 12:11,24.5,43.98917,-103.1595,46,166,2123.24,78706,22.99,17,Pa=78706/Rh=17.00/Ti=22.99 Tracksoar v1.2
5/21/17 12:11,25,43.98583,-103.158,46,168,2190.9,78213,22.89,17,Pa=78213/Rh=17.00/Ti=22.89 Tracksoar v1.2
5/21/17 12:12,25.5,43.98033,-103.15617,39,168,2270.15,74566,23.58,17,Pa=74566/Rh=17.00/Ti=23.58 Tracksoar v1.2
5/21/17 12:13,26,43.977,-103.155,46,171,2305.81,77141,22.85,16,Pa=77141/Rh=16.00/Ti=22.85 Tracksoar v1.2
5/21/17 12:13,26.5,43.97367,-103.154,46,171,2364.94,76532,22.62,16,Pa=76532/Rh=16.00/Ti=22.62 Tracksoar v1.2
5/21/17 12:14,27,43.97,-103.153,50,174,2428.04,76052,22.44,16,Pa=76052/Rh=16.00/Ti=22.44 Tracksoar v1.2
5/21/17 12:14,27.5,43.9665,-103.15233,43,170,2448.46,75600,22.27,16,Pa=75600/Rh=16.00/Ti=22.27 Tracksoar v1.2
5/21/17 12:15,28,43.96283,-103.15133,48,166,2511.25,75132,22.13,17,Pa=75132/Rh=17.00/Ti=22.13 Tracksoar v1.2
5/21/17 12:15,28.5,43.9595,-103.15,52,168,2578,74729,21.96,16,Pa=74729/Rh=16.00/Ti=21.96 Tracksoar v1.2
5/21/17 12:16,29,43.95583,-103.14867,50,167,2588.97,76408,21.83,16,Pa=76408/Rh=16.00/Ti=21.83 Tracksoar v1.2
5/21/17 12:16,29.5,43.95233,-103.1475,52,161,2638.35,73947,21.58,16,Pa=73947/Rh=16.00/Ti=21.58 Tracksoar v1.2
5/21/17 12:17,30,43.94883,-103.14617,48,162,2686.2,73542,21.44,16,Pa=73542/Rh=16.00/Ti=21.44 Tracksoar v1.2
5/21/17 12:17,30.5,43.94533,-103.145,43,165,2709.98,73174,21.32,16,Pa=73174/Rh=16.00/Ti=21.32 Tracksoar v1.2
5/21/17 12:18,31,43.94183,-103.14383,59,158,2770.94,72812,21.26,16,Pa=72812/Rh=16.00/Ti=21.26 Tracksoar v1.2
5/21/17 12:18,31.5,43.93883,-103.14283,46,167,2805.99,72460,21.11,16,Pa=72460/Rh=16.00/Ti=21.11 Tracksoar v1.2
5/21/17 12:19,32,43.9355,-103.14167,44,172,2845,72097,20.88,16,Pa=72097/Rh=16.00/Ti=20.88 Tracksoar v1.2
5/21/17 12:19,32.5,43.93233,-103.1405,41,160,2868.47,71731,20.73,15,Pa=71731/Rh=15.00/Ti=20.73 Tracksoar v1.2
5/21/17 12:20,33,43.92917,-103.139,44,162,2924.56,71352,20.59,15,Pa=71352/Rh=15.00/Ti=20.59 Tracksoar v1.2
5/21/17 12:20,33.5,43.92583,-103.13717,44,152,2970.89,70940,20.42,15,Pa=70940/Rh=15.00/Ti=20.42 Tracksoar v1.2
5/21/17 12:21,34,43.92283,-103.135,46,151,3037.94,70492,20.3,15,Pa=70492/Rh=15.00/Ti=20.30 Tracksoar v1.2
5/21/17 12:21,34.5,43.92,-103.13267,43,147,3062.94,70095,20.12,14,Pa=70095/Rh=14.00/Ti=20.12 Tracksoar v1.2
5/21/17 12:22,35,43.91717,-103.13033,46,155,3092.81,69709,19.91,14,Pa=69709/Rh=14.00/Ti=19.91 Tracksoar v1.2
5/21/17 12:22,35.5,43.91433,-103.128,46,149,3130.3,69314,19.79,14,Pa=69314/Rh=14.00/Ti=19.79 Tracksoar v1.2
5/21/17 12:23,36,43.91167,-103.12533,43,143,3199.79,68897,19.66,13,Pa=68897/Rh=13.00/Ti=19.66 Tracksoar v1.2
5/21/17 12:23,36.5,43.90883,-103.12267,46,147,3226.92,68487,19.51,13,Pa=68487/Rh=13.00/Ti=19.51 Tracksoar v1.2
5/21/17 12:24,37,43.906,-103.11967,43,144,3293.06,68053,19.34,13,Pa=68053/Rh=13.00/Ti=19.34 Tracksoar v1.2
5/21/17 12:24,37.5,43.90317,-103.11667,48,141,3356.76,67593,19.18,13,Pa=67593/Rh=13.00/Ti=19.18 Tracksoar v1.2
5/21/17 12:25,38,43.90033,-103.114,44,147,3414.98,67170,19.09,13,Pa=67170/Rh=13.00/Ti=19.09 Tracksoar v1.2
5/21/17 12:25,38.5,43.89733,-103.11133,46,140,3442.72,66760,18.94,12,Pa=66760/Rh=12.00/Ti=18.94 Tracksoar v1.2
5/21/17 12:26,39,43.89433,-103.10883,44,148,3484.17,66343,18.88,12,Pa=66343/Rh=12.00/Ti=18.88 Tracksoar v1.2
5/21/17 12:26,39.5,43.89133,-103.10633,48,151,3536.59,65931,18.78,13,Pa=65931/Rh=13.00/Ti=18.78 Tracksoar v1.2
5/21/17 12:27,40,43.88833,-103.104,44,143,3568.6,65601,18.64,13,Pa=65601/Rh=13.00/Ti=18.64 Tracksoar v1.2
5/21/17 12:27,40.5,43.8855,-103.10117,46,141,3622.55,65254,18.49,13,Pa=65254/Rh=13.00/Ti=18.49 Tracksoar v1.2
5/21/17 12:28,41,43.88283,-103.09867,26,160,3667.66,64906,18.44,13,Pa=64906/Rh=13.00/Ti=18.44 Tracksoar v1.2
5/21/17 12:28,41.5,43.88,-103.09567,46,146,3713.07,64561,18.34,13,Pa=64561/Rh=13.00/Ti=18.34 Tracksoar v1.2
5/21/17 12:29,42,43.87717,-103.09267,50,143,3744.47,64213,18.15,13,Pa=64213/Rh=13.00/Ti=18.15 Tracksoar v1.2
5/21/17 12:29,42.5,43.87417,-103.08933,54,136,3785.31,63899,18.18,13,Pa=63899/Rh=13.00/Ti=18.18 Tracksoar v1.2
5/21/17 12:30,43,43.87083,-103.08567,57,145,3836.21,63554,18.15,13,Pa=63554/Rh=13.00/Ti=18.15 Tracksoar v1.2
5/21/17 12:30,43.5,43.867,-103.08183,63,146,3858.77,63195,18.57,13,Pa=63195/Rh=13.00/Ti=18.57 Tracksoar v1.2
5/21/17 12:31,44,43.86317,-103.07817,61,143,3902.96,62889,18.41,12,Pa=62889/Rh=12.00/Ti=18.41 Tracksoar v1.2
5/21/17 12:31,44.5,43.8595,-103.07433,63,144,3970.93,62495,18.53,12,Pa=62495/Rh=12.00/Ti=18.53 Tracksoar v1.2
5/21/17 12:32,45,43.85533,-103.07083,65,149,4006.6,62110,18.51,11,Pa=62110/Rh=11.00/Ti=18.51 Tracksoar v1.2
5/21/17 12:32,45.5,43.85133,-103.06717,65,146,4047.74,61708,18.35,11,Pa=61708/Rh=11.00/Ti=18.35 Tracksoar v1.2
5/21/17 12:33,46,43.84717,-103.06317,70,150,4119.68,61242,18.26,11,Pa=61242/Rh=11.00/Ti=18.26 Tracksoar v1.2
5/21/17 12:33,46.5,43.84283,-103.05967,63,150,4178.5,60772,18.49,11,Pa=60772/Rh=11.00/Ti=18.49 Tracksoar v1.2
5/21/17 12:34,47,43.83867,-103.05633,70,151,4232.15,60330,18.75,10,Pa=60330/Rh=10.00/Ti=18.75 Tracksoar v1.2
5/21/17 12:34,47.5,43.83433,-103.05283,59,157,4267.81,59907,18.76,10,Pa=59907/Rh=10.00/Ti=18.76 Tracksoar v1.2
5/21/17 12:35,48,43.83,-103.05,65,160,4342.18,59487,18.84,10,Pa=59487/Rh=10.00/Ti=18.84 Tracksoar v1.2
5/21/17 12:35,48.5,43.82567,-103.04717,57,157,4391.25,59109,18.67,10,Pa=59109/Rh=10.00/Ti=18.67 Tracksoar v1.2
5/21/17 12:36,49,43.82133,-103.04417,63,154,4434.54,58719,18.55,10,Pa=58719/Rh=10.00/Ti=18.55 Tracksoar v1.2
5/21/17 12:36,49.5,43.817,-103.041,65,152,4501.9,58353,18.39,9,Pa=58353/Rh=9.00/Ti=18.39 Tracksoar v1.2
5/21/17 12:37,50,43.813,-103.038,63,152,4541.82,57956,18.46,9,Pa=57956/Rh=9.00/Ti=18.46 Tracksoar v1.2
5/21/17 12:37,50.5,43.80883,-103.03483,61,151,4585.11,57628,18.43,9,Pa=57628/Rh=9.00/Ti=18.43 Tracksoar v1.2
5/21/17 12:38,51,43.80483,-103.03183,61,147,4627.17,57299,18.4,9,Pa=57299/Rh=9.00/Ti=18.40 Tracksoar v1.2
5/21/17 12:38,51.5,43.80117,-103.0285,57,149,4670.15,56989,18.25,9,Pa=56989/Rh=9.00/Ti=18.25 Tracksoar v1.2
5/21/17 12:39,52,43.79783,-103.02533,56,141,4719.22,56690,18.02,9,Pa=56690/Rh=9.00/Ti=18.02 Tracksoar v1.2
5/21/17 12:39,52.5,43.79433,-103.0215,65,138,4726.23,56386,17.79,9,Pa=56386/Rh=9.00/Ti=17.79 Tracksoar v1.2
5/21/17 12:40,53,43.79133,-103.01767,56,141,4791.46,56082,17.7,9,Pa=56082/Rh=9.00/Ti=17.70 Tracksoar v1.2
5/21/17 12:40,53.5,43.78833,-103.01367,57,141,4822.24,55820,17.71,8,Pa=55820/Rh=8.00/Ti=17.71 Tracksoar v1.2
5/21/17 12:41,54,43.78533,-103.0095,56,137,4860.34,55574,17.4,8,Pa=55574/Rh=8.00/Ti=17.40 Tracksoar v1.2
5/21/17 12:41,54.5,43.7825,-103.00533,54,136,4910.63,55275,17.34,8,Pa=55275/Rh=8.00/Ti=17.34 Tracksoar v1.2
5/21/17 12:42,55,43.77967,-103.00117,61,131,4945.08,54986,17.21,8,Pa=54986/Rh=8.00/Ti=17.21 Tracksoar v1.2
5/21/17 12:42,55.5,43.777,-102.99667,57,130,4993.54,54676,16.88,8,Pa=54676/Rh=8.00/Ti=16.88 Tracksoar v1.2
5/21/17 12:43,56,43.77433,-102.99217,56,133,5033.77,54319,16.89,8,Pa=54319/Rh=8.00/Ti=16.89 Tracksoar v1.2
5/21/17 12:43,56.5,43.77167,-102.9875,56,134,5083.76,53963,17,8,Pa=53963/Rh=8.00/Ti=17.00 Tracksoar v1.2
5/21/17 12:44,57,43.7685,-102.98317,59,133,5138.32,53602,16.82,7,Pa=53602/Rh=7.00/Ti=16.82 Tracksoar v1.2
5/21/17 12:45,57.5,43.76217,-102.975,56,136,5252.01,52841,16.56,7,Pa=52841/Rh=7.00/Ti=16.56 Tracksoar v1.2
5/21/17 12:45,58,43.75883,-102.97117,57,141,5308.09,52465,16.4,7,Pa=52465/Rh=7.00/Ti=16.40 Tracksoar v1.2
5/21/17 12:46,58.5,43.7555,-102.9675,57,141,5358.08,52065,16.46,7,Pa=52065/Rh=7.00/Ti=16.46 Tracksoar v1.2
5/21/17 12:46,59,43.752,-102.9635,57,146,5415.99,51706,16.24,7,Pa=51706/Rh=7.00/Ti=16.24 Tracksoar v1.2
5/21/17 12:47,59.5,43.74867,-102.95967,56,136,5483.35,50879,15.86,7,Pa=50879/Rh=7.00/Ti=15.86 Tracksoar v1.2
5/21/17 12:48,60,43.742,-102.95083,59,133,5592.47,50430,15.95,6,Pa=50430/Rh=6.00/Ti=15.95 Tracksoar v1.2
5/21/17 12:48,60.5,43.739,-102.94583,63,127,5653.74,50049,15.64,6,Pa=50049/Rh=6.00/Ti=15.64 Tracksoar v1.2
5/21/17 12:49,61,43.73583,-102.94083,63,129,5702.81,49652,15.54,6,Pa=49652/Rh=6.00/Ti=15.54 Tracksoar v1.2
5/21/17 12:49,61.5,43.73283,-102.93567,63,130,5760.42,49295,15.35,6,Pa=49295/Rh=6.00/Ti=15.35 Tracksoar v1.2
5/21/17 12:50,62,43.72683,-102.92567,61,126,5862.22,10103,15.11,6,Pa=10103/Rh=6.00/Ti=15.11 Tracksoar v1.2
5/21/17 12:51,62.5,43.72383,-102.921,63,135,5928.36,48284,15.13,6,Pa=48284/Rh=6.00/Ti=15.13 Tracksoar v1.2
5/21/17 12:51,63,43.72083,-102.91633,56,135,5960.67,47978,14.99,6,Pa=47978/Rh=6.00/Ti=14.99 Tracksoar v1.2
5/21/17 12:52,63.5,43.71767,-102.9115,65,132,6007.3,47657,14.9,6,Pa=47657/Rh=6.00/Ti=14.90 Tracksoar v1.2
5/21/17 12:52,64,43.7145,-102.90667,63,132,6064.3,47354,14.81,6,Pa=47354/Rh=6.00/Ti=14.81 Tracksoar v1.2
5/21/17 12:53,64.5,43.70867,-102.897,63,123,6156.66,46725,14.06,6,Pa=46725/Rh=6.00/Ti=14.06 Tracksoar v1.2
5/21/17 12:54,65,43.706,-102.89167,67,124,6208.17,46400,13.67,5,Pa=46400/Rh=5.00/Ti=13.67 Tracksoar v1.2
5/21/17 12:54,65.5,43.70333,-102.88583,70,123,6259.68,46056,13.38,6,Pa=46056/Rh=6.00/Ti=13.38 Tracksoar v1.2
5/21/17 12:55,66,43.70033,-102.88017,69,125,6300.22,45762,13.15,6,Pa=45762/Rh=6.00/Ti=13.15 Tracksoar v1.2
5/21/17 12:55,66.5,43.69767,-102.8745,69,125,6354.78,45500,12.76,6,Pa=45500/Rh=6.00/Ti=12.76 Tracksoar v1.2
5/21/17 12:56,67,43.69483,-102.869,63,130,6389.83,45218,12.33,6,Pa=45218/Rh=6.00/Ti=12.33 Tracksoar v1.2
5/21/17 12:56,67.5,43.692,-102.86367,61,126,6428.54,44933,12.02,6,Pa=44933/Rh=6.00/Ti=12.02 Tracksoar v1.2
5/21/17 12:57,68,43.6895,-102.8585,67,121,6491.94,44642,11.98,6,Pa=44642/Rh=6.00/Ti=11.98 Tracksoar v1.2
5/21/17 12:57,68.5,43.687,-102.85333,59,125,6533.69,44394,11.72,6,Pa=44394/Rh=6.00/Ti=11.72 Tracksoar v1.2
5/21/17 12:58,69,43.6845,-102.84833,59,129,6576.06,44139,11.49,6,Pa=44139/Rh=6.00/Ti=11.49 Tracksoar v1.2
5/21/17 12:58,69.5,43.68167,-102.84317,67,124,6618.43,43889,11.18,6,Pa=43889/Rh=6.00/Ti=11.18 Tracksoar v1.2
5/21/17 12:59,70,43.67917,-102.838,61,123,6648.6,43636,10.88,6,Pa=43636/Rh=6.00/Ti=10.88 Tracksoar v1.2
5/21/17 12:59,70.5,43.6765,-102.83283,70,123,6694.32,43344,10.72,6,Pa=43344/Rh=6.00/Ti=10.72 Tracksoar v1.2
5/21/17 13:00,71,43.67367,-102.82683,63,122,6735.78,43081,10.74,6,Pa=43081/Rh=6.00/Ti=10.74 Tracksoar v1.2
5/21/17 13:00,71.5,43.671,-102.82133,67,122,6779.97,42822,10.8,6,Pa=42822/Rh=6.00/Ti=10.80 Tracksoar v1.2
5/21/17 13:01,72,43.6685,-102.81517,72,123,6841.24,42552,10.86,6,Pa=42552/Rh=6.00/Ti=10.86 Tracksoar v1.2
5/21/17 13:01,72.5,43.66583,-102.80933,70,120,6880.25,42302,10.69,6,Pa=42302/Rh=6.00/Ti=10.69 Tracksoar v1.2
5/21/17 13:02,73,43.66333,-102.80317,70,121,6923.53,42054,10.61,6,Pa=42054/Rh=6.00/Ti=10.61 Tracksoar v1.2
5/21/17 13:02,73.5,43.66067,-102.797,72,118,6954.93,41799,10.52,6,Pa=41799/Rh=6.00/Ti=10.52 Tracksoar v1.2
5/21/17 13:03,74,43.65767,-102.79067,78,121,7019.24,41552,10.27,6,Pa=41552/Rh=6.00/Ti=10.27 Tracksoar v1.2
5/21/17 13:03,74.5,43.65517,-102.7845,72,120,7041.49,41025,9.82,6,Pa=41025/Rh=6.00/Ti=9.82 Tracksoar v1.2
5/21/17 13:04,75,43.65,-102.77233,61,116,7138.42,40742,9.75,6,Pa=40742/Rh=6.00/Ti=9.75 Tracksoar v1.2
5/21/17 13:05,75.5,43.64767,-102.76633,67,119,7185.66,40481,9.6,6,Pa=40481/Rh=6.00/Ti=9.60 Tracksoar v1.2
5/21/17 13:05,76,43.64533,-102.76,65,109,7238.09,40188,9.46,6,Pa=40188/Rh=6.00/Ti=9.46 Tracksoar v1.2
5/21/17 13:06,76.5,43.643,-102.75317,76,116,7292.95,39898,8.98,6,Pa=39898/Rh=6.00/Ti=8.98 Tracksoar v1.2
5/21/17 13:06,77,43.64083,-102.7465,74,117,7369.15,39558,8.88,5,Pa=39558/Rh=5.00/Ti=8.88 Tracksoar v1.2
5/21/17 13:07,77.5,43.63867,-102.73967,69,114,7406.94,39255,8.73,6,Pa=39255/Rh=6.00/Ti=8.73 Tracksoar v1.2
5/21/17 13:07,78,43.63633,-102.733,76,114,7462.11,38947,8.64,5,Pa=38947/Rh=5.00/Ti=8.64 Tracksoar v1.2
5/21/17 13:08,78.5,43.63417,-102.72617,65,117,7514.84,38664,8.32,5,Pa=38664/Rh=5.00/Ti=8.32 Tracksoar v1.2
5/21/17 13:08,79,43.63217,-102.7195,72,111,7569.71,38338,8.08,5,Pa=38338/Rh=5.00/Ti=8.08 Tracksoar v1.2
5/21/17 13:09,79.5,43.63033,-102.71267,72,110,7641.34,38051,7.81,5,Pa=38051/Rh=5.00/Ti=7.81 Tracksoar v1.2
5/21/17 13:09,80,43.62833,-102.70567,74,110,7676.08,37755,7.66,5,Pa=37755/Rh=5.00/Ti=7.66 Tracksoar v1.2
5/21/17 13:10,80.5,43.6265,-102.69883,76,115,7735.21,37479,7.21,5,Pa=37479/Rh=5.00/Ti=7.21 Tracksoar v1.2
5/21/17 13:10,81,43.6245,-102.69167,69,108,7789.77,37154,6.97,5,Pa=37154/Rh=5.00/Ti=6.97 Tracksoar v1.2
5/21/17 13:11,81.5,43.6225,-102.6845,70,108,7871.76,36884,6.66,5,Pa=36884/Rh=5.00/Ti=6.66 Tracksoar v1.2
5/21/17 13:11,82,43.6205,-102.6775,70,110,7894.62,36613,6.59,5,Pa=36613/Rh=5.00/Ti=6.59 Tracksoar v1.2
5/21/17 13:12,82.5,43.6185,-102.67067,72,109,7945.53,36390,6.48,5,Pa=36390/Rh=5.00/Ti=6.48 Tracksoar v1.2
5/21/17 13:12,83,43.6165,-102.66367,76,108,8009.84,36147,6.14,5,Pa=36147/Rh=5.00/Ti=6.14 Tracksoar v1.2
5/21/17 13:13,83.5,43.61467,-102.65667,72,108,8024.77,35877,6.13,6,Pa=35877/Rh=6.00/Ti=6.13 Tracksoar v1.2
5/21/17 13:14,84,43.612,-102.64533,72,113,8101.89,35097,6.8,6,Pa=35097/Rh=6.00/Ti=6.80 Tracksoar v1.2
5/21/17 13:14,84.5,43.6105,-102.6385,70,106,8152.79,35305,5.82,5,Pa=35305/Rh=5.00/Ti=5.82 Tracksoar v1.2
5/21/17 13:15,85,43.60883,-102.63133,70,108,8206.74,35041,5.3,5,Pa=35041/Rh=5.00/Ti=5.30 Tracksoar v1.2
5/21/17 13:15,85.5,43.60717,-102.62417,70,109,8250.94,34778,5.03,5,Pa=34778/Rh=5.00/Ti=5.03 Tracksoar v1.2
5/21/17 13:16,86,43.60383,-102.61,69,111,8388.1,34263,4.48,5,Pa=34263/Rh=5.00/Ti=4.48 Tracksoar v1.2
5/21/17 13:17,86.5,43.6025,-102.60283,69,104,8379.26,34035,4.12,5,Pa=34035/Rh=5.00/Ti=4.12 Tracksoar v1.2
5/21/17 13:17,87,43.6005,-102.59583,70,111,8450.58,33779,3.84,5,Pa=33779/Rh=5.00/Ti=3.84 Tracksoar v1.2
5/21/17 13:18,87.5,43.5985,-102.5885,74,115,8499.04,33530,3.56,5,Pa=33530/Rh=5.00/Ti=3.56 Tracksoar v1.2
5/21/17 13:18,88,43.59683,-102.58183,67,111,8564.58,33308,3.27,5,Pa=33308/Rh=5.00/Ti=3.27 Tracksoar v1.2
5/21/17 13:19,88.5,43.59483,-102.57483,72,109,8595.06,33078,2.96,5,Pa=33078/Rh=5.00/Ti=2.96 Tracksoar v1.2
5/21/17 13:19,89,43.593,-102.56817,72,109,8636.2,32839,2.85,5,Pa=32839/Rh=5.00/Ti=2.85 Tracksoar v1.2
5/21/17 13:20,89.5,43.59117,-102.56167,74,113,8694.12,32624,2.48,5,Pa=32624/Rh=5.00/Ti=2.48 Tracksoar v1.2
5/21/17 13:20,90,43.5895,-102.55467,70,109,8714.84,32370,2.31,5,Pa=32370/Rh=5.00/Ti=2.31 Tracksoar v1.2
5/21/17 13:21,90.5,43.588,-102.54783,76,108,8772.14,32186,1.9,5,Pa=32186/Rh=5.00/Ti=1.90 Tracksoar v1.2
5/21/17 13:22,91,43.58483,-102.53383,65,110,8898.94,31725,1.56,5,Pa=31725/Rh=5.00/Ti=1.56 Tracksoar v1.2
5/21/17 13:22,91.5,43.5835,-102.527,67,105,8930.94,31510,1.41,5,Pa=31510/Rh=5.00/Ti=1.41 Tracksoar v1.2
5/21/17 13:23,92,43.58217,-102.52033,67,106,8958.07,31297,1.18,5,Pa=31297/Rh=5.00/Ti=1.18 Tracksoar v1.2
5/21/17 13:23,92.5,43.581,-102.513,69,104,9018.12,31077,1.06,5,Pa=31077/Rh=5.00/Ti=1.06 Tracksoar v1.2
5/21/17 13:24,93,43.58,-102.50583,69,104,9064.75,30697,0.79,5,Pa=30697/Rh=5.00/Ti=0.79 Tracksoar v1.2
5/21/17 13:25,93.5,43.57933,-102.4985,67,93,9120.53,30422,0.64,5,Pa=30422/Rh=5.00/Ti=0.64 Tracksoar v1.2
5/21/17 13:25,94,43.578,-102.48433,80,99,9181.8,30193,0.43,5,Pa=30193/Rh=5.00/Ti=0.43 Tracksoar v1.2
5/21/17 13:26,94.5,43.57733,-102.477,76,96,9267.75,29943,0.16,5,Pa=29943/Rh=5.00/Ti=0.16 Tracksoar v1.2
5/21/17 13:26,95,43.577,-102.46983,69,99,9314.99,29694,-0.05,5,Pa=29694/Rh=5.00/Ti=-0.05 Tracksoar v1.2
5/21/17 13:27,95.5,43.57617,-102.45583,63,96,9427.46,29227,-0.59,4,Pa=29227/Rh=4.00/Ti=-0.59 Tracksoar v1.2
5/21/17 13:28,96,43.57517,-102.4415,70,96,9511.28,23137,-0.98,0,Pa=23137/Rh=0.00/Ti=-0.98 Tracksoar v1.2
5/21/17 13:29,96.5,43.57467,-102.43383,69,92,9575.29,28520,-1.27,4,Pa=28520/Rh=4.00/Ti=-1.27 Tracksoar v1.2
5/21/17 13:29,97,43.57383,-102.42633,72,100,9613.7,28294,-1.32,4,Pa=28294/Rh=4.00/Ti=-1.32 Tracksoar v1.2
5/21/17 13:30,97.5,43.573,-102.41883,74,99,9685.02,28074,-1.3,4,Pa=28074/Rh=4.00/Ti=-1.30 Tracksoar v1.2
5/21/17 13:30,98,43.57183,-102.4115,85,105,9745.07,27826,-1.32,4,Pa=27826/Rh=4.00/Ti=-1.32 Tracksoar v1.2
5/21/17 13:31,98.5,43.5705,-102.404,67,100,9793.83,27590,-1.58,4,Pa=27590/Rh=4.00/Ti=-1.58 Tracksoar v1.2
5/21/17 13:31,99,43.569,-102.39683,72,106,9839.86,27321,-1.96,4,Pa=27321/Rh=4.00/Ti=-1.96 Tracksoar v1.2
5/21/17 13:32,99.5,43.5675,-102.39017,70,102,9916.97,27045,-2.22,4,Pa=27045/Rh=4.00/Ti=-2.22 Tracksoar v1.2
5/21/17 13:34,100,43.56283,-102.3625,67,95,10182.45,25936,-3.32,4,Pa=25936/Rh=4.00/Ti=-3.32 Tracksoar v1.2
5/21/17 13:34,100.5,43.56217,-102.35567,69,89,10291.27,25668,-3.48,4,Pa=25668/Rh=4.00/Ti=-3.48 Tracksoar v1.2
5/21/17 13:35,101,43.56183,-102.34833,67,91,10329.98,25414,-3.87,4,Pa=25414/Rh=4.00/Ti=-3.87 Tracksoar v1.2
5/21/17 13:36,101.5,43.561,-102.33383,67,98,10456.16,24880,-4.19,4,Pa=24880/Rh=4.00/Ti=-4.19 Tracksoar v1.2
5/21/17 13:36,102,43.56067,-102.327,67,96,10528.4,24606,-4.46,4,Pa=24606/Rh=4.00/Ti=-4.46 Tracksoar v1.2
5/21/17 13:37,102.5,43.56017,-102.31983,69,91,10630.81,24342,-4.73,4,Pa=24342/Rh=4.00/Ti=-4.73 Tracksoar v1.2
5/21/17 13:37,103,43.5595,-102.312,69,93,10684.76,24053,-5.04,4,Pa=24053/Rh=4.00/Ti=-5.04 Tracksoar v1.2
5/21/17 13:38,103.5,43.55817,-102.30467,72,104,10764.01,23794,-5.16,4,Pa=23794/Rh=4.00/Ti=-5.16 Tracksoar v1.2
5/21/17 13:38,104,43.55667,-102.2975,63,106,10817.05,23553,-5.41,4,Pa=23553/Rh=4.00/Ti=-5.41 Tracksoar v1.2
5/21/17 13:39,104.5,43.555,-102.2905,67,105,10871.91,23317,-5.77,4,Pa=23317/Rh=4.00/Ti=-5.77 Tracksoar v1.2
5/21/17 13:39,105,43.55433,-102.28417,61,93,10931.35,23118,-5.84,4,Pa=23118/Rh=4.00/Ti=-5.84 Tracksoar v1.2
5/21/17 13:40,105.5,43.55367,-102.27817,65,100,11008.16,22918,-6.03,4,Pa=22918/Rh=4.00/Ti=-6.03 Tracksoar v1.2
5/21/17 13:40,106,43.553,-102.2715,56,85,11053.27,22708,-6.15,4,Pa=22708/Rh=4.00/Ti=-6.15 Tracksoar v1.2
5/21/17 13:41,106.5,43.5525,-102.26467,69,105,11083.75,22498,-6.27,4,Pa=22498/Rh=4.00/Ti=-6.27 Tracksoar v1.2
5/21/17 13:41,107,43.552,-102.25783,63,99,11178.54,22273,-6.25,4,Pa=22273/Rh=4.00/Ti=-6.25 Tracksoar v1.2
5/21/17 13:42,107.5,43.55,-102.246,50,101,11316.92,21822,-6.41,4,Pa=21822/Rh=4.00/Ti=-6.41 Tracksoar v1.2
5/21/17 13:43,108,43.54917,-102.2405,56,104,11364.77,21590,-6.38,4,Pa=21590/Rh=4.00/Ti=-6.38 Tracksoar v1.2
5/21/17 13:43,108.5,43.54817,-102.23483,52,97,11418.11,21357,-6.38,4,Pa=21357/Rh=4.00/Ti=-6.38 Tracksoar v1.2
5/21/17 13:44,109,43.54717,-102.22983,52,113,11506.2,21160,-6.4,4,Pa=21160/Rh=4.00/Ti=-6.40 Tracksoar v1.2
5/21/17 13:44,109.5,43.54567,-102.2245,46,106,11547.65,20949,-6.83,4,Pa=20949/Rh=4.00/Ti=-6.83 Tracksoar v1.2
5/21/17 13:45,110,43.54467,-102.22017,44,107,11642.14,20716,-6.2,4,Pa=20716/Rh=4.00/Ti=-6.20 Tracksoar v1.2
5/21/17 13:45,110.5,43.544,-102.21617,43,107,11713.16,20524,-6.16,4,Pa=20524/Rh=4.00/Ti=-6.16 Tracksoar v1.2
5/21/17 13:46,111,43.54317,-102.20817,48,110,11834.47,20129,-5.98,4,Pa=20129/Rh=4.00/Ti=-5.98 Tracksoar v1.2
5/21/17 13:47,111.5,43.54233,-102.20417,33,101,11904.27,19931,-5.81,4,Pa=19931/Rh=4.00/Ti=-5.81 Tracksoar v1.2
5/21/17 13:47,112,43.54167,-102.20017,37,91,11979.86,19747,-5.7,4,Pa=19747/Rh=4.00/Ti=-5.70 Tracksoar v1.2
5/21/17 13:48,112.5,43.54133,-102.19683,30,100,12065.51,19552,-5.59,4,Pa=19552/Rh=4.00/Ti=-5.59 Tracksoar v1.2
5/21/17 13:48,113,43.541,-102.19367,30,95,12099.65,19348,-5.54,4,Pa=19348/Rh=4.00/Ti=-5.54 Tracksoar v1.2
5/21/17 13:49,113.5,43.54083,-102.19067,30,93,12152.38,19177,-5.62,4,Pa=19177/Rh=4.00/Ti=-5.62 Tracksoar v1.2
5/21/17 13:50,114,43.54167,-102.1835,33,82,12275.82,18828,-5.28,4,Pa=18828/Rh=4.00/Ti=-5.28 Tracksoar v1.2
5/21/17 13:50,114.5,43.542,-102.18,35,81,12323.37,18674,-5.28,4,Pa=18674/Rh=4.00/Ti=-5.28 Tracksoar v1.2
5/21/17 13:51,115,43.5425,-102.17617,41,83,12393.17,18538,-5.27,4,Pa=18538/Rh=4.00/Ti=-5.27 Tracksoar v1.2
5/21/17 13:51,115.5,43.54283,-102.172,43,81,12448.03,18361,-5.17,4,Pa=18361/Rh=4.00/Ti=-5.17 Tracksoar v1.2
5/21/17 13:52,116,43.54333,-102.16767,41,82,12486.44,18200,-5.04,4,Pa=18200/Rh=4.00/Ti=-5.04 Tracksoar v1.2
5/21/17 13:52,116.5,43.54367,-102.16267,52,80,12539.47,17993,-5.02,4,Pa=17993/Rh=4.00/Ti=-5.02 Tracksoar v1.2
5/21/17 13:53,117,43.54467,-102.15783,48,76,12638.53,17811,-5.07,4,Pa=17811/Rh=4.00/Ti=-5.07 Tracksoar v1.2
5/21/17 13:53,117.5,43.54533,-102.152,52,85,12709.25,17607,-4.94,4,Pa=17607/Rh=4.00/Ti=-4.94 Tracksoar v1.2
5/21/17 13:54,118,43.54617,-102.1475,50,76,12783.31,17448,-4.72,4,Pa=17448/Rh=4.00/Ti=-4.72 Tracksoar v1.2
5/21/17 13:54,118.5,43.547,-102.14283,44,82,12853.72,17293,-4.74,4,Pa=17293/Rh=4.00/Ti=-4.74 Tracksoar v1.2
5/21/17 13:55,119,43.54767,-102.1385,39,71,12905.23,17122,-4.71,4,Pa=17122/Rh=4.00/Ti=-4.71 Tracksoar v1.2
5/21/17 13:55,119.5,43.54883,-102.13483,39,59,12957.66,16961,-4.63,4,Pa=16961/Rh=4.00/Ti=-4.63 Tracksoar v1.2
5/21/17 13:56,120,43.55017,-102.13133,37,52,13039.95,16802,-4.62,39,Pa=16802/Rh=39.00/Ti=-4.62 Tracksoar v1.2
5/21/17 13:56,120.5,43.55117,-102.12733,39,67,13096.95,16658,-4.69,4,Pa=16658/Rh=4.00/Ti=-4.69 Tracksoar v1.2
5/21/17 13:57,121,43.55133,-102.12267,41,87,13084.76,16497,-4.76,4,Pa=16497/Rh=4.00/Ti=-4.76 Tracksoar v1.2
5/21/17 13:57,121.5,43.55233,-102.1185,48,87,13195.4,16351,-4.71,4,Pa=16351/Rh=4.00/Ti=-4.71 Tracksoar v1.2
5/21/17 13:58,122,43.5525,-102.11267,56,86,13286.54,16180,-4.72,4,Pa=16180/Rh=4.00/Ti=-4.72 Tracksoar v1.2
5/21/17 13:58,122.5,43.55233,-102.10717,44,93,13361.21,16015,-4.88,4,Pa=16015/Rh=4.00/Ti=-4.88 Tracksoar v1.2
5/21/17 13:59,123,43.55233,-102.10217,46,103,13420.04,15834,-4.71,4,Pa=15834/Rh=4.00/Ti=-4.71 Tracksoar v1.2
5/21/17 13:59,123.5,43.55283,-102.098,44,85,13498.07,15687,-4.55,3,Pa=15687/Rh=3.00/Ti=-4.55 Tracksoar v1.2
5/21/17 14:00,124,43.55367,-102.09067,50,83,13597.43,15528,-3.44,3,Pa=15528/Rh=3.00/Ti=-3.44 Tracksoar v1.2
5/21/17 14:01,124.5,43.55433,-102.086,57,75,13655.65,15292,-3.78,4,Pa=15292/Rh=4.00/Ti=-3.78 Tracksoar v1.2
5/21/17 14:01,125,43.55483,-102.08067,56,88,13711.43,15134,-3.74,3,Pa=15134/Rh=3.00/Ti=-3.74 Tracksoar v1.2
5/21/17 14:02,125.5,43.5555,-102.07533,50,85,13801.95,14991,-3.95,3,Pa=14991/Rh=3.00/Ti=-3.95 Tracksoar v1.2
5/21/17 14:02,126,43.55583,-102.07,52,88,13840.36,14824,-3.83,3,Pa=14824/Rh=3.00/Ti=-3.83 Tracksoar v1.2
5/21/17 14:03,126.5,43.55583,-102.06483,48,93,13926.92,14701,-3.75,3,Pa=14701/Rh=3.00/Ti=-3.75 Tracksoar v1.2
5/21/17 14:03,127,43.55567,-102.06033,43,91,13973.86,14556,-3.66,3,Pa=14556/Rh=3.00/Ti=-3.66 Tracksoar v1.2
5/21/17 14:04,127.5,43.556,-102.05633,35,81,14042.44,14414,-3.54,3,Pa=14414/Rh=3.00/Ti=-3.54 Tracksoar v1.2
5/21/17 14:04,128,43.55633,-102.05233,43,69,14120.77,14283,-3.49,3,Pa=14283/Rh=3.00/Ti=-3.49 Tracksoar v1.2
5/21/17 14:05,128.5,43.55683,-102.04817,44,84,14198.5,14133,-3.44,41,Pa=14133/Rh=41.00/Ti=-3.44 Tracksoar v1.2
5/21/17 14:05,129,43.55717,-102.04367,46,88,14248.18,13997,-3.5,3,Pa=13997/Rh=3.00/Ti=-3.50 Tracksoar v1.2
5/21/17 14:06,129.5,43.557,-102.03483,39,99,14384.43,13699,-3.4,3,Pa=13699/Rh=3.00/Ti=-3.40 Tracksoar v1.2
5/21/17 14:07,130,43.5545,-102.02817,30,0,14534.08,13409,-3.39,3,Pa=13409/Rh=3.00/Ti=-3.39 Tracksoar v1.2
5/21/17 14:08,130.5,43.55333,-102.0265,20,132,14580.41,13293,-3.52,3,Pa=13293/Rh=3.00/Ti=-3.52 Tracksoar v1.2
5/21/17 14:08,131,43.5525,-102.0255,9,121,14640.46,13162,-3.36,3,Pa=13162/Rh=3.00/Ti=-3.36 Tracksoar v1.2
5/21/17 14:09,131.5,43.552,-102.0245,11,0,14742.26,13042,-3.33,3,Pa=13042/Rh=3.00/Ti=-3.33 Tracksoar v1.2
5/21/17 14:09,132,43.55183,-102.02367,6,97,14788.9,12908,-3.19,3,Pa=12908/Rh=3.00/Ti=-3.19 Tracksoar v1.2
5/21/17 14:10,132.5,43.5515,-102.023,9,0,14847.11,12767,-3.1,3,Pa=12767/Rh=3.00/Ti=-3.10 Tracksoar v1.2
5/21/17 14:10,133,43.55167,-102.022,11,0,14920.87,12640,-2.95,3,Pa=12640/Rh=3.00/Ti=-2.95 Tracksoar v1.2
5/21/17 14:11,133.5,43.55167,-102.02067,11,0,14991.28,12494,-2.68,3,Pa=12494/Rh=3.00/Ti=-2.68 Tracksoar v1.2
5/21/17 14:11,134,43.55217,-102.01917,19,0,15061.39,12360,-2.41,3,Pa=12360/Rh=3.00/Ti=-2.41 Tracksoar v1.2
5/21/17 14:12,134.5,43.55383,-102.01783,22,71,15160.75,12206,-2.33,3,Pa=12206/Rh=3.00/Ti=-2.33 Tracksoar v1.2
5/21/17 14:12,135,43.5535,-102.015,20,89,15235.12,12058,-2.26,3,Pa=12058/Rh=3.00/Ti=-2.26 Tracksoar v1.2
5/21/17 14:13,135.5,43.55367,-102.01233,28,0,15310.41,11915,-2.28,3,Pa=11915/Rh=3.00/Ti=-2.28 Tracksoar v1.2
5/21/17 14:13,136,43.55417,-102.01,24,90,15394.23,11773,-2.29,3,Pa=11773/Rh=3.00/Ti=-2.29 Tracksoar v1.2
5/21/17 14:14,136.5,43.5545,-102.0075,20,0,15462.5,11652,-2.42,3,Pa=11652/Rh=3.00/Ti=-2.42 Tracksoar v1.2
5/21/17 14:14,137,43.5555,-102.00517,28,55,15534.74,11518,-2.45,3,Pa=11518/Rh=3.00/Ti=-2.45 Tracksoar v1.2
5/21/17 14:15,137.5,43.557,-102.00183,39,78,15622.52,11412,-2.51,3,Pa=11412/Rh=3.00/Ti=-2.51 Tracksoar v1.2
5/21/17 14:16,138,43.55833,-101.99417,46,75,15746.88,11148,-2.64,3,Pa=11148/Rh=3.00/Ti=-2.64 Tracksoar v1.2
5/21/17 14:16,138.5,43.55917,-101.9905,39,66,15795.65,11002,-2.63,3,Pa=11002/Rh=3.00/Ti=-2.63 Tracksoar v1.2
5/21/17 14:17,139,43.55983,-101.98717,37,73,15901.11,10870,-2.61,3,Pa=10870/Rh=3.00/Ti=-2.61 Tracksoar v1.2
5/21/17 14:18,139.5,43.5605,-101.9815,37,0,16031.87,10703,-1.64,3,Pa=10703/Rh=3.00/Ti=-1.64 Tracksoar v1.2
5/21/17 14:19,140,43.56117,-101.97117,31,50,16249.19,10392,-2.02,3,Pa=10392/Rh=3.00/Ti=-2.02 Tracksoar v1.2
5/21/17 14:19,140.5,43.561,-101.96883,28,90,16305.58,10260,-2.17,3,Pa=10260/Rh=3.00/Ti=-2.17 Tracksoar v1.2
5/21/17 14:20,141,43.561,-101.96667,17,101,16367.46,10162,-2.11,3,Pa=10162/Rh=3.00/Ti=-2.11 Tracksoar v1.2
5/21/17 14:20,141.5,43.561,-101.96533,13,0,16427.5,10058,-1.99,3,Pa=10058/Rh=3.00/Ti=-1.99 Tracksoar v1.2
5/21/17 14:21,142,43.5615,-101.96433,9,0,16507.36,9957,-2.06,3,Pa=9957/Rh=3.00/Ti=-2.06 Tracksoar v1.2
5/21/17 14:21,142.5,43.56183,-101.9635,9,0,16574.11,9839,-1.95,3,Pa=9839/Rh=3.00/Ti=-1.95 Tracksoar v1.2
5/21/17 14:22,143,43.56183,-101.96317,2,0,16632.33,9741,-1.86,3,Pa=9741/Rh=3.00/Ti=-1.86 Tracksoar v1.2
5/21/17 14:22,143.5,43.56217,-101.96283,7,346,16716.76,9639,-2.01,3,Pa=9639/Rh=3.00/Ti=-2.01 Tracksoar v1.2
5/21/17 14:23,144,43.56217,-101.96217,9,38,16766.44,9518,-1.94,3,Pa=9518/Rh=3.00/Ti=-1.94 Tracksoar v1.2
5/21/17 14:23,144.5,43.5625,-101.96117,9,81,16844.77,9406,-1.71,3,Pa=9406/Rh=3.00/Ti=-1.71 Tracksoar v1.2
5/21/17 14:24,145,43.56283,-101.96033,15,54,16944.14,9301,-1.59,3,Pa=9301/Rh=3.00/Ti=-1.59 Tracksoar v1.2
5/21/17 14:24,145.5,43.563,-101.95833,15,0,16984.68,9195,-1.5,3,Pa=9195/Rh=3.00/Ti=-1.50 Tracksoar v1.2
5/21/17 14:25,146,43.56417,-101.957,15,78,17036.19,9095,-1.33,2,Pa=9095/Rh=2.00/Ti=-1.33 Tracksoar v1.2
5/21/17 14:25,146.5,43.564,-101.95517,20,82,17148.96,9003,-1.38,3,Pa=9003/Rh=3.00/Ti=-1.38 Tracksoar v1.2
5/21/17 14:26,147,43.564,-101.95317,26,71,17198.34,8896,-1.49,3,Pa=8896/Rh=3.00/Ti=-1.49 Tracksoar v1.2
5/21/17 14:26,147.5,43.5645,-101.95083,22,76,17314.16,8802,-1.37,3,Pa=8802/Rh=3.00/Ti=-1.37 Tracksoar v1.2
5/21/17 14:27,148,43.56483,-101.94817,33,102,17382.74,8700,-1.33,3,Pa=8700/Rh=3.00/Ti=-1.33 Tracksoar v1.2
5/21/17 14:27,148.5,43.565,-101.94583,30,98,17457.42,8603,-1.18,3,Pa=8603/Rh=3.00/Ti=-1.18 Tracksoar v1.2
5/21/17 14:28,149,43.565,-101.94367,22,107,17508.63,8496,-1.2,3,Pa=8496/Rh=3.00/Ti=-1.20 Tracksoar v1.2
5/21/17 14:28,149.5,43.56467,-101.94183,6,0,17609.52,8297,-1.2,3,Pa=8297/Rh=3.00/Ti=-1.20 Tracksoar v1.2
5/21/17 14:30,150,43.56467,-101.93983,15,356,17803.37,8073,-0.65,2,Pa=8073/Rh=2.00/Ti=-0.65 Tracksoar v1.2
5/21/17 14:31,150.5,43.56583,-101.9395,24,349,17942.36,7990,-0.7,3,Pa=7990/Rh=3.00/Ti=-0.70 Tracksoar v1.2
5/21/17 14:31,151,43.56667,-101.939,9,0,18014.29,7907,-0.68,3,Pa=7907/Rh=3.00/Ti=-0.68 Tracksoar v1.2
5/21/17 14:32,151.5,43.568,-101.93867,11,8,18081.65,7824,-0.61,3,Pa=7824/Rh=3.00/Ti=-0.61 Tracksoar v1.2
5/21/17 14:33,152,43.569,-101.9375,9,31,18222.77,7663,-0.73,3,Pa=7663/Rh=3.00/Ti=-0.73 Tracksoar v1.2
5/21/17 14:33,152.5,43.56967,-101.937,7,59,18302.63,7584,-0.58,3,Pa=7584/Rh=3.00/Ti=-0.58 Tracksoar v1.2
5/21/17 14:34,153,43.569,-101.93483,22,124,18454.12,7386,-0.38,3,Pa=7386/Rh=3.00/Ti=-0.38 Tracksoar v1.2
5/21/17 14:35,153.5,43.56817,-101.93317,20,0,18545.25,7327,-0.31,3,Pa=7327/Rh=3.00/Ti=-0.31 Tracksoar v1.2
5/21/17 14:35,154,43.56783,-101.93233,6,0,18616.57,7217,-0.25,3,Pa=7217/Rh=3.00/Ti=-0.25 Tracksoar v1.2
5/21/17 14:36,154.5,43.56733,-101.93083,19,0,18688.2,7140,-0.32,2,Pa=7140/Rh=2.00/Ti=-0.32 Tracksoar v1.2
5/21/17 14:36,155,43.56633,-101.92883,17,127,18767.76,7062,-0.3,3,Pa=7062/Rh=3.00/Ti=-0.30 Tracksoar v1.2
5/21/17 14:37,155.5,43.56633,-101.92783,11,0,18854.32,6972,-0.23,3,Pa=6972/Rh=3.00/Ti=-0.23 Tracksoar v1.2
5/21/17 14:37,156,43.56617,-101.92633,13,97,18956.12,6895,-0.33,3,Pa=6895/Rh=3.00/Ti=-0.33 Tracksoar v1.2
5/21/17 14:38,156.5,43.56617,-101.9255,9,120,19030.8,6817,-0.48,3,Pa=6817/Rh=3.00/Ti=-0.48 Tracksoar v1.2
5/21/17 14:38,157,43.56567,-101.92467,7,130,19097.85,6735,-0.51,2,Pa=6735/Rh=2.00/Ti=-0.51 Tracksoar v1.2
5/21/17 14:39,157.5,43.56583,-101.92483,7,0,19159.12,6650,-0.56,2,Pa=6650/Rh=2.00/Ti=-0.56 Tracksoar v1.2
5/21/17 14:39,158,43.566,-101.92467,7,0,19240.5,6566,-0.52,3,Pa=6566/Rh=3.00/Ti=-0.52 Tracksoar v1.2
5/21/17 14:40,158.5,43.56567,-101.9235,19,92,19331.94,6497,-0.54,3,Pa=6497/Rh=3.00/Ti=-0.54 Tracksoar v1.2
5/21/17 14:40,159,43.56517,-101.9215,11,136,19405.7,6417,-0.48,2,Pa=6417/Rh=2.00/Ti=-0.48 Tracksoar v1.2
5/21/17 14:41,159.5,43.56383,-101.9205,24,166,19490.74,6335,-0.63,3,Pa=6335/Rh=3.00/Ti=-0.63 Tracksoar v1.2
5/21/17 14:41,160,43.562,-101.92083,22,188,19556.58,6177,-0.76,3,Pa=6177/Rh=3.00/Ti=-0.76 Tracksoar v1.2
5/21/17 14:42,160.5,43.55967,-101.92317,15,0,19723.3,6097,-0.51,3,Pa=6097/Rh=3.00/Ti=-0.51 Tracksoar v1.2
5/21/17 14:43,161,43.56017,-101.9245,13,309,19795.54,6022,-0.74,2,Pa=6022/Rh=2.00/Ti=-0.74 Tracksoar v1.2
5/21/17 14:43,161.5,43.56117,-101.92483,28,347,19885.46,5958,-0.87,3,Pa=5958/Rh=3.00/Ti=-0.87 Tracksoar v1.2
5/21/17 14:44,162,43.5625,-101.925,24,349,19959.22,5895,-0.73,3,Pa=5895/Rh=3.00/Ti=-0.73 Tracksoar v1.2
5/21/17 14:44,162.5,43.5635,-101.92483,7,0,20025.36,5824,-0.82,2,Pa=5824/Rh=2.00/Ti=-0.82 Tracksoar v1.2
5/21/17 14:45,163,43.5635,-101.924,17,120,20097.9,5769,-0.81,2,Pa=5769/Rh=2.00/Ti=-0.81 Tracksoar v1.2
5/21/17 14:45,163.5,43.56317,-101.92317,9,144,20168.31,5712,-0.87,3,Pa=5712/Rh=3.00/Ti=-0.87 Tracksoar v1.2
5/21/17 14:46,164,43.5625,-101.9225,6,0,20229.27,5640,-0.78,0,Pa=5640/Rh=0.00/Ti=-0.78 Tracksoar v1.2
5/21/17 14:46,164.5,43.56217,-101.92267,9,0,20292.67,5579,-0.41,3,Pa=5579/Rh=3.00/Ti=-0.41 Tracksoar v1.2
5/21/17 14:47,165,43.56333,-101.92217,19,7,20429.22,5207,0.56,3,Pa=5207/Rh=3.00/Ti=0.56 Tracksoar v1.2
5/21/17 14:47,165.5,43.56417,-101.92117,15,37,20502.37,5174,-0.01,2,Pa=5174/Rh=2.00/Ti=-0.01 Tracksoar v1.2
5/21/17 14:48,166,43.565,-101.92,9,0,20582.53,5099,-0.09,3,Pa=5099/Rh=3.00/Ti=-0.09 Tracksoar v1.2
5/21/17 14:48,166.5,43.565,-101.91883,7,0,20666.35,5038,-0.1,3,Pa=5038/Rh=3.00/Ti=-0.10 Tracksoar v1.2
5/21/17 14:49,167,43.5645,-101.9185,6,0,20735.85,4984,0.03,3,Pa=4984/Rh=3.00/Ti=0.03 Tracksoar v1.2
5/21/17 14:49,167.5,43.56367,-101.91833,13,163,20794.37,4924,0.17,3,Pa=4924/Rh=3.00/Ti=0.17 Tracksoar v1.2
5/21/17 14:50,168,43.563,-101.91767,7,0,20864.47,4865,0.42,3,Pa=4865/Rh=3.00/Ti=0.42 Tracksoar v1.2
5/21/17 14:50,168.5,43.56233,-101.9175,17,174,20942.5,4820,0.55,3,Pa=4820/Rh=3.00/Ti=0.55 Tracksoar v1.2
5/21/17 14:51,169,43.56167,-101.91767,7,0,21022.97,4763,0.54,100,Pa=4763/Rh=100.00/Ti=0.54 Tracksoar v1.2
5/21/17 14:51,169.5,43.561,-101.9175,6,0,21079.05,4701,0.55,2,Pa=4701/Rh=2.00/Ti=0.55 Tracksoar v1.2
5/21/17 14:52,170,43.55967,-101.917,11,167,21156.47,4639,0.68,2,Pa=4639/Rh=2.00/Ti=0.68 Tracksoar v1.2
5/21/17 14:52,170.5,43.55833,-101.91733,24,172,21239.38,4582,1.06,2,Pa=4582/Rh=2.00/Ti=1.06 Tracksoar v1.2
5/21/17 14:53,171,43.5565,-101.9175,17,0,21338.13,4892,1.27,2,Pa=4892/Rh=2.00/Ti=1.27 Tracksoar v1.2
5/21/17 14:53,171.5,43.55517,-101.9175,11,0,21406.41,4489,1.45,2,Pa=4489/Rh=2.00/Ti=1.45 Tracksoar v1.2
5/21/17 14:54,172,43.554,-101.91783,17,213,21472.55,4441,1.77,2,Pa=4441/Rh=2.00/Ti=1.77 Tracksoar v1.2
5/21/17 14:54,172.5,43.553,-101.9185,13,204,21554.85,4392,1.67,2,Pa=4392/Rh=2.00/Ti=1.67 Tracksoar v1.2
5/21/17 14:55,173,43.5525,-101.919,9,0,21624.65,4341,1.78,3,Pa=4341/Rh=3.00/Ti=1.78 Tracksoar v1.2
5/21/17 14:55,173.5,43.55183,-101.9195,7,0,21707.55,4302,1.84,2,Pa=4302/Rh=2.00/Ti=1.84 Tracksoar v1.2
5/21/17 14:56,174,43.55183,-101.92033,6,0,21754.8,4246,1.91,2,Pa=4246/Rh=2.00/Ti=1.91 Tracksoar v1.2
5/21/17 14:56,174.5,43.55133,-101.9205,11,217,21838.31,4193,1.91,3,Pa=4193/Rh=3.00/Ti=1.91 Tracksoar v1.2
5/21/17 14:57,175,43.55067,-101.92083,24,218,21934.32,4123,2.25,47,Pa=4123/Rh=47.00/Ti=2.25 Tracksoar v1.2
5/21/17 14:57,175.5,43.55017,-101.92133,6,0,22001.38,4075,2.77,2,Pa=4075/Rh=2.00/Ti=2.77 Tracksoar v1.2
5/21/17 14:58,176,43.55,-101.92267,19,280,22083.67,4032,3.09,2,Pa=4032/Rh=2.00/Ti=3.09 Tracksoar v1.2
5/21/17 14:58,176.5,43.54967,-101.92367,15,257,22179.99,3993,3.37,2,Pa=3993/Rh=2.00/Ti=3.37 Tracksoar v1.2
5/21/17 14:59,177,43.54967,-101.92467,15,283,22265.34,3944,3.73,2,Pa=3944/Rh=2.00/Ti=3.73 Tracksoar v1.2
5/21/17 14:59,177.5,43.54983,-101.92583,11,270,22348.24,3903,3.95,2,Pa=3903/Rh=2.00/Ti=3.95 Tracksoar v1.2
5/21/17 15:00,178,43.54983,-101.92717,13,278,22412.55,3871,4.16,2,Pa=3871/Rh=2.00/Ti=4.16 Tracksoar v1.2
5/21/17 15:00,178.5,43.54983,-101.92833,11,0,22480.83,3817,4.4,2,Pa=3817/Rh=2.00/Ti=4.40 Tracksoar v1.2
5/21/17 15:01,179,43.5495,-101.929,9,245,22567.7,3787,4.44,2,Pa=3787/Rh=2.00/Ti=4.44 Tracksoar v1.2
5/21/17 15:01,179.5,43.5495,-101.9295,9,0,22633.53,3739,4.3,2,Pa=3739/Rh=2.00/Ti=4.30 Tracksoar v1.2
5/21/17 15:02,180,43.54967,-101.92967,2,0,22713.7,3682,4.24,2,Pa=3682/Rh=2.00/Ti=4.24 Tracksoar v1.2
5/21/17 15:02,180.5,43.54933,-101.92967,2,0,22796.3,3644,4.2,2,Pa=3644/Rh=2.00/Ti=4.20 Tracksoar v1.2
5/21/17 15:03,181,43.5495,-101.92983,7,0,22870.06,3589,4.23,2,Pa=3589/Rh=2.00/Ti=4.23 Tracksoar v1.2
5/21/17 15:03,181.5,43.54917,-101.92933,50,120,22951.44,3553,4.33,2,Pa=3553/Rh=2.00/Ti=4.33 Tracksoar v1.2
5/21/17 15:04,182,43.5485,-101.9285,19,146,23047.15,3508,4.3,2,Pa=3508/Rh=2.00/Ti=4.30 Tracksoar v1.2
5/21/17 15:05,182.5,43.54767,-101.92733,22,136,23115.73,3466,4.27,2,Pa=3466/Rh=2.00/Ti=4.27 Tracksoar v1.2
5/21/17 15:05,183,43.5465,-101.926,17,151,23187.66,3426,4.29,1,Pa=3426/Rh=1.00/Ti=4.29 Tracksoar v1.2
5/21/17 15:06,183.5,43.54533,-101.925,22,147,23263.86,3383,4.19,2,Pa=3383/Rh=2.00/Ti=4.19 Tracksoar v1.2
5/21/17 15:06,184,43.5445,-101.92433,17,125,23369.93,3342,4.1,2,Pa=3342/Rh=2.00/Ti=4.10 Tracksoar v1.2
5/21/17 15:06,184.5,43.54367,-101.92367,13,156,23433.02,3299,4.03,2,Pa=3299/Rh=2.00/Ti=4.03 Tracksoar v1.2
5/21/17 15:07,185,43.5425,-101.9235,17,164,23513.8,3254,3.97,2,Pa=3254/Rh=2.00/Ti=3.97 Tracksoar v1.2
5/21/17 15:07,185.5,43.54133,-101.92333,24,159,23586.34,3221,3.8,2,Pa=3221/Rh=2.00/Ti=3.80 Tracksoar v1.2
5/21/17 15:08,186,43.54017,-101.92333,11,170,23649.13,3177,3.98,2,Pa=3177/Rh=2.00/Ti=3.98 Tracksoar v1.2
5/21/17 15:08,186.5,43.53933,-101.92367,9,0,23736,3146,3.96,2,Pa=3146/Rh=2.00/Ti=3.96 Tracksoar v1.2
5/21/17 15:09,187,43.53867,-101.924,15,216,23809.76,3099,3.96,2,Pa=3099/Rh=2.00/Ti=3.96 Tracksoar v1.2
5/21/17 15:09,187.5,43.53817,-101.92483,17,248,23876.81,3071,3.88,2,Pa=3071/Rh=2.00/Ti=3.88 Tracksoar v1.2
5/21/17 15:10,188,43.53767,-101.9255,11,0,23953.62,3030,3.87,1,Pa=3030/Rh=1.00/Ti=3.87 Tracksoar v1.2
5/21/17 15:11,188.5,43.53733,-101.92667,17,245,24033.48,3004,3.89,2,Pa=3004/Rh=2.00/Ti=3.89 Tracksoar v1.2
5/21/17 15:11,189,43.53717,-101.92767,15,253,24121.57,2953,3.9,2,Pa=2953/Rh=2.00/Ti=3.90 Tracksoar v1.2
5/21/17 15:11,189.5,43.53733,-101.92883,13,0,24191.98,2929,4.23,2,Pa=2929/Rh=2.00/Ti=4.23 Tracksoar v1.2
5/21/17 15:12,190,43.53717,-101.9295,7,0,24270,2883,4.48,2,Pa=2883/Rh=2.00/Ti=4.48 Tracksoar v1.2
5/21/17 15:13,190.5,43.5375,-101.93033,4,0,24352.61,2848,4.77,2,Pa=2848/Rh=2.00/Ti=4.77 Tracksoar v1.2
5/21/17 15:13,191,43.53733,-101.93083,6,0,24499.82,2983,5.89,2,Pa=2983/Rh=2.00/Ti=5.89 Tracksoar v1.2
5/21/17 15:14,191.5,43.53717,-101.93083,4,0,24574.5,2985,5.48,2,Pa=2985/Rh=2.00/Ti=5.48 Tracksoar v1.2
5/21/17 15:14,192,43.53683,-101.93017,6,0,24636.07,2959,5.39,2,Pa=2959/Rh=2.00/Ti=5.39 Tracksoar v1.2
5/21/17 15:15,192.5,43.53667,-101.9295,4,0,24738.48,2933,5.3,2,Pa=2933/Rh=2.00/Ti=5.30 Tracksoar v1.2
5/21/17 15:15,193,43.53617,-101.92883,11,161,24793.04,2896,5.38,2,Pa=2896/Rh=2.00/Ti=5.38 Tracksoar v1.2
5/21/17 15:16,193.5,43.53533,-101.92883,15,205,24868.94,2868,5.39,2,Pa=2868/Rh=2.00/Ti=5.39 Tracksoar v1.2
5/21/17 15:16,194,43.5345,-101.92917,19,191,24937.21,2836,5.41,2,Pa=2836/Rh=2.00/Ti=5.41 Tracksoar v1.2
5/21/17 15:17,194.5,43.53167,-101.929,19,182,25078.33,2779,5.46,2,Pa=2779/Rh=2.00/Ti=5.46 Tracksoar v1.2
5/21/17 15:18,195,43.529,-101.92883,24,169,25246.58,2702,5.59,2,Pa=2702/Rh=2.00/Ti=5.59 Tracksoar v1.2
5/21/17 15:19,195.5,43.528,-101.92933,15,179,25324.61,2678,5.64,2,Pa=2678/Rh=2.00/Ti=5.64 Tracksoar v1.2
5/21/17 15:19,196,43.52717,-101.92967,11,0,25406.3,2660,5.68,2,Pa=2660/Rh=2.00/Ti=5.68 Tracksoar v1.2
5/21/17 15:20,196.5,43.52633,-101.92983,13,173,25469.7,2619,5.74,2,Pa=2619/Rh=2.00/Ti=5.74 Tracksoar v1.2
5/21/17 15:20,197,43.52533,-101.93,15,209,25553.52,2596,5.87,2,Pa=2596/Rh=2.00/Ti=5.87 Tracksoar v1.2
5/21/17 15:21,197.5,43.52417,-101.9305,19,209,25642.82,2573,5.93,2,Pa=2573/Rh=2.00/Ti=5.93 Tracksoar v1.2
5/21/17 15:21,198,43.52267,-101.93117,20,205,25718.72,2542,6.04,2,Pa=2542/Rh=2.00/Ti=6.04 Tracksoar v1.2
5/21/17 15:22,198.5,43.52117,-101.93117,20,183,25768.1,2522,6.12,2,Pa=2522/Rh=2.00/Ti=6.12 Tracksoar v1.2
5/21/17 15:22,199,43.52017,-101.9315,15,181,25829.97,2501,-133.7,2,Pa=2501/Rh=2.00/Ti=-133.70 Tracksoar v1.2
5/21/17 15:23,199.5,43.519,-101.93233,20,214,25909.52,2158,6.38,9,Pa=2158/Rh=9.00/Ti=6.38 Tracksoar v1.2
5/21/17 15:23,200,43.518,-101.93383,15,226,25971.4,2455,6.47,2,Pa=2455/Rh=2.00/Ti=6.47 Tracksoar v1.2
5/21/17 15:24,200.5,43.51767,-101.9355,20,258,26062.84,2427,6.62,2,Pa=2427/Rh=2.00/Ti=6.62 Tracksoar v1.2
5/21/17 15:24,201,43.5175,-101.937,20,273,26114.04,2404,6.74,1,Pa=2404/Rh=1.00/Ti=6.74 Tracksoar v1.2
5/21/17 15:25,201.5,43.51733,-101.93867,24,268,26198.47,2379,7.12,2,Pa=2379/Rh=2.00/Ti=7.12 Tracksoar v1.2
5/21/17 15:25,202,43.51783,-101.94017,13,291,26287.48,2341,7.27,1,Pa=2341/Rh=1.00/Ti=7.27 Tracksoar v1.2
5/21/17 15:26,202.5,43.518,-101.942,19,285,26386.54,2316,7.5,1,Pa=2316/Rh=1.00/Ti=7.50 Tracksoar v1.2
5/21/17 15:26,203,43.5185,-101.94367,6,0,26483.16,2277,7.87,1,Pa=2277/Rh=1.00/Ti=7.87 Tracksoar v1.2
5/21/17 15:27,203.5,43.5195,-101.9445,24,324,26574.9,2255,7.96,1,Pa=2255/Rh=1.00/Ti=7.96 Tracksoar v1.2
5/21/17 15:27,204,43.521,-101.94517,22,344,26641.35,2243,8.39,1,Pa=2243/Rh=1.00/Ti=8.39 Tracksoar v1.2
5/21/17 15:28,204.5,43.5225,-101.94517,22,10,26722.43,2210,8.66,1,Pa=2210/Rh=1.00/Ti=8.66 Tracksoar v1.2
5/21/17 15:28,205,43.52433,-101.9445,31,28,26812.04,2190,8.99,1,Pa=2190/Rh=1.00/Ti=8.99 Tracksoar v1.2
5/21/17 15:29,205.5,43.52617,-101.94283,26,55,26886.1,2166,9.39,1,Pa=2166/Rh=1.00/Ti=9.39 Tracksoar v1.2
5/21/17 15:29,206,43.52767,-101.941,26,37,26975.1,2133,9.91,1,Pa=2133/Rh=1.00/Ti=9.91 Tracksoar v1.2
5/21/17 15:30,206.5,43.529,-101.9395,28,36,27061.97,2111,10.37,1,Pa=2111/Rh=1.00/Ti=10.37 Tracksoar v1.2
5/21/17 15:30,207,43.53083,-101.938,28,20,27142.74,2092,11.1,1,Pa=2092/Rh=1.00/Ti=11.10 Tracksoar v1.2
5/21/17 15:31,207.5,43.5325,-101.9365,30,32,27219.25,2058,11.23,1,Pa=2058/Rh=1.00/Ti=11.23 Tracksoar v1.2
5/21/17 15:31,208,43.534,-101.93483,26,60,27297.58,2043,11.29,1,Pa=2043/Rh=1.00/Ti=11.29 Tracksoar v1.2
5/21/17 15:32,208.5,43.53533,-101.93217,33,51,27359.76,2030,11.44,1,Pa=2030/Rh=1.00/Ti=11.44 Tracksoar v1.2
5/21/17 15:32,209,43.53617,-101.9295,24,76,27415.85,2017,11.59,1,Pa=2017/Rh=1.00/Ti=11.59 Tracksoar v1.2
5/21/17 15:33,209.5,43.53667,-101.92717,20,71,27464,2002,11.74,0,Pa=2002/Rh=0.00/Ti=11.74 Tracksoar v1.2
5/21/17 15:33,210,43.5375,-101.92533,24,59,27542.34,1984,11.81,1,Pa=1984/Rh=1.00/Ti=11.81 Tracksoar v1.2
5/21/17 15:34,210.5,43.5385,-101.92367,24,56,27617.01,1958,22.26,1,Pa=1958/Rh=1.00/Ti=22.26 Tracksoar v1.2
5/21/17 15:34,211,43.5395,-101.92117,31,57,27705.1,10533,11.93,0,Pa=10533/Rh=0.00/Ti=11.93 Tracksoar v1.2
5/21/17 15:35,211.5,43.541,-101.91883,31,40,27797.46,1904,12.04,0,Pa=1904/Rh=0.00/Ti=12.04 Tracksoar v1.2
5/21/17 15:35,212,43.54283,-101.9165,39,46,27912.67,1891,12.03,58,Pa=1891/Rh=58.00/Ti=12.03 Tracksoar v1.2
5/21/17 15:36,212.5,43.54483,-101.91367,39,41,27993.14,1870,12.04,0,Pa=1870/Rh=0.00/Ti=12.04 Tracksoar v1.2
5/21/17 15:36,213,43.547,-101.9105,46,55,28091.89,1843,12.11,0,Pa=1843/Rh=0.00/Ti=12.11 Tracksoar v1.2
5/21/17 15:37,213.5,43.54883,-101.907,44,53,28132.13,1831,12.24,1,Pa=1831/Rh=1.00/Ti=12.24 Tracksoar v1.2
5/21/17 15:37,214,43.5505,-101.904,31,46,28211.07,1818,12.42,0,Pa=1818/Rh=0.00/Ti=12.42 Tracksoar v1.2
5/21/17 15:38,214.5,43.55233,-101.90117,31,54,28255.57,1797,12.67,0,Pa=1797/Rh=0.00/Ti=12.67 Tracksoar v1.2
5/21/17 15:38,215,43.55367,-101.89867,20,53,28344.27,1785,12.91,0,Pa=1785/Rh=0.00/Ti=12.91 Tracksoar v1.2
5/21/17 15:39,215.5,43.55433,-101.8965,22,62,28407.36,1767,13.14,0,Pa=1767/Rh=0.00/Ti=13.14 Tracksoar v1.2
5/21/17 15:39,216,43.55483,-101.89417,24,72,28491.79,1742,13.4,0,Pa=1742/Rh=0.00/Ti=13.40 Tracksoar v1.2
5/21/17 15:40,216.5,43.55533,-101.89233,17,72,28561.59,1730,13.7,0,Pa=1730/Rh=0.00/Ti=13.70 Tracksoar v1.2
5/21/17 15:40,217,43.5555,-101.89017,24,101,28630.17,1715,14.08,0,Pa=1715/Rh=0.00/Ti=14.08 Tracksoar v1.2
5/21/17 15:41,217.5,43.555,-101.88817,24,111,28699.66,1690,14.36,0,Pa=1690/Rh=0.00/Ti=14.36 Tracksoar v1.2
5/21/17 15:41,218,43.5545,-101.8855,20,110,28745.69,1672,14.63,0,Pa=1672/Rh=0.00/Ti=14.63 Tracksoar v1.2
5/21/17 15:42,218.5,43.55383,-101.88317,24,111,28829.81,1662,14.96,0,Pa=1662/Rh=0.00/Ti=14.96 Tracksoar v1.2
5/21/17 15:42,219,43.553,-101.88117,19,118,28899,1655,15.11,0,Pa=1655/Rh=0.00/Ti=15.11 Tracksoar v1.2
5/21/17 15:43,219.5,43.55267,-101.87933,20,95,28978.25,1635,15.22,0,Pa=1635/Rh=0.00/Ti=15.22 Tracksoar v1.2
5/21/17 15:43,220,43.55233,-101.87717,19,99,29035.55,1625,15.32,0,Pa=1625/Rh=0.00/Ti=15.32 Tracksoar v1.2
5/21/17 15:44,220.5,43.552,-101.8755,15,119,29103.22,1609,15.43,0,Pa=1609/Rh=0.00/Ti=15.43 Tracksoar v1.2
5/21/17 15:44,221,43.5515,-101.87517,11,0,29157.78,1588,15.67,0,Pa=1588/Rh=0.00/Ti=15.67 Tracksoar v1.2
5/21/17 15:45,221.5,43.551,-101.87517,7,127,29243.73,1578,15.9,0,Pa=1578/Rh=0.00/Ti=15.90 Tracksoar v1.2
5/21/17 15:45,222,43.55117,-101.87417,11,95,29295.85,1568,16.21,0,Pa=1568/Rh=0.00/Ti=16.21 Tracksoar v1.2
5/21/17 15:46,222.5,43.55117,-101.87333,11,117,29330.9,1556,16.51,0,Pa=1556/Rh=0.00/Ti=16.51 Tracksoar v1.2
5/21/17 15:46,223,43.551,-101.87267,11,148,29394.91,1549,16.98,0,Pa=1549/Rh=0.00/Ti=16.98 Tracksoar v1.2
5/21/17 15:47,223.5,43.55083,-101.87233,4,0,29446.42,1545,17.41,0,Pa=1545/Rh=0.00/Ti=17.41 Tracksoar v1.2
5/21/17 15:47,224,43.55083,-101.872,4,0,29496.41,1531,17.74,0,Pa=1531/Rh=0.00/Ti=17.74 Tracksoar v1.2
5/21/17 15:48,224.5,43.55133,-101.872,7,0,29543.35,1532,18.05,0,Pa=1532/Rh=0.00/Ti=18.05 Tracksoar v1.2
5/21/17 15:48,225,43.55217,-101.87183,17,3,29592.73,1522,18.26,0,Pa=1522/Rh=0.00/Ti=18.26 Tracksoar v1.2
5/21/17 15:49,225.5,43.55333,-101.87183,17,1,29650.03,1510,18.54,0,Pa=1510/Rh=0.00/Ti=18.54 Tracksoar v1.2
5/21/17 15:49,226,43.5545,-101.87167,19,2,29707.64,1494,18.81,0,Pa=1494/Rh=0.00/Ti=18.81 Tracksoar v1.2
5/21/17 15:50,226.5,43.55583,-101.87167,17,354,29747.26,1479,18.93,0,Pa=1479/Rh=0.00/Ti=18.93 Tracksoar v1.2
5/21/17 15:50,227,43.55717,-101.87167,13,358,29805.78,1482,18.87,0,Pa=1482/Rh=0.00/Ti=18.87 Tracksoar v1.2
5/21/17 15:51,227.5,43.55817,-101.87167,13,6,29854.86,1458,18.78,0,Pa=1458/Rh=0.00/Ti=18.78 Tracksoar v1.2
5/21/17 15:51,228,43.55917,-101.87133,11,12,29929.84,1458,18.77,0,Pa=1458/Rh=0.00/Ti=18.77 Tracksoar v1.2
5/21/17 15:52,228.5,43.5605,-101.871,22,16,29980.43,1445,18.85,0,Pa=1445/Rh=0.00/Ti=18.85 Tracksoar v1.2
5/21/17 15:52,229,43.56217,-101.87033,20,21,30044.14,1432,18.94,0,Pa=1432/Rh=0.00/Ti=18.94 Tracksoar v1.2
5/21/17 15:53,229.5,43.56367,-101.86917,26,26,30102.05,1421,18.89,0,Pa=1421/Rh=0.00/Ti=18.89 Tracksoar v1.2
5/21/17 15:53,230,43.56517,-101.868,22,32,30156.91,1410,18.93,0,Pa=1410/Rh=0.00/Ti=18.93 Tracksoar v1.2
5/21/17 15:54,230.5,43.5665,-101.86617,30,45,30234.03,1403,18.92,0,Pa=1403/Rh=0.00/Ti=18.92 Tracksoar v1.2
5/21/17 15:54,231,43.568,-101.86417,28,41,30283.1,1392,18.94,0,Pa=1392/Rh=0.00/Ti=18.94 Tracksoar v1.2
5/21/17 15:55,231.5,43.56933,-101.862,24,49,30341.62,1379,19.03,0,Pa=1379/Rh=0.00/Ti=19.03 Tracksoar v1.2
5/21/17 15:55,232,43.5705,-101.85967,30,47,30395.27,1368,19.15,0,Pa=1368/Rh=0.00/Ti=19.15 Tracksoar v1.2
5/21/17 15:56,232.5,43.57167,-101.8575,28,55,30443.12,1358,19.28,0,Pa=1358/Rh=0.00/Ti=19.28 Tracksoar v1.2
5/21/17 15:56,233,43.57283,-101.85567,17,64,30475.43,1345,19.4,0,Pa=1345/Rh=0.00/Ti=19.40 Tracksoar v1.2
5/21/17 15:57,233.5,43.57367,-101.85433,13,64,30514.14,1345,19.55,0,Pa=1345/Rh=0.00/Ti=19.55 Tracksoar v1.2
5/21/17 15:57,234,43.57417,-101.85367,9,47,30564.43,1330,19.67,0,Pa=1330/Rh=0.00/Ti=19.67 Tracksoar v1.2
5/21/17 15:58,234.5,43.5745,-101.85317,6,0,30621.43,1325,19.75,0,Pa=1325/Rh=0.00/Ti=19.75 Tracksoar v1.2
5/21/17 15:58,235,43.5745,-101.85283,6,0,30667.15,1317,19.92,0,Pa=1317/Rh=0.00/Ti=19.92 Tracksoar v1.2
5/21/17 15:59,235.5,43.57467,-101.85217,6,0,30711.65,1262,21.02,0,Pa=1262/Rh=0.00/Ti=21.02 Tracksoar v1.2
5/21/17 16:00,236,43.57467,-101.85133,7,95,30755.84,1302,20.53,0,Pa=1302/Rh=0.00/Ti=20.53 Tracksoar v1.2
5/21/17 16:00,236.5,43.57467,-101.85,19,97,30780.23,1298,21.02,0,Pa=1298/Rh=0.00/Ti=21.02 Tracksoar v1.2
5/21/17 16:01,237,43.57467,-101.84833,15,86,30810.71,1302,21.1,0,Pa=1302/Rh=0.00/Ti=21.10 Tracksoar v1.2
5/21/17 16:01,237.5,43.57483,-101.84667,15,85,30847.28,1294,20.98,0,Pa=1294/Rh=0.00/Ti=20.98 Tracksoar v1.2
5/21/17 16:02,238,43.575,-101.8455,13,63,30896.36,1289,21,0,Pa=1289/Rh=0.00/Ti=21.00 Tracksoar v1.2
5/21/17 16:02,238.5,43.5755,-101.84433,11,58,30938.72,1278,20.95,0,Pa=1278/Rh=0.00/Ti=20.95 Tracksoar v1.2
5/21/17 16:03,239,43.57583,-101.8435,13,64,30989.63,1275,20.77,0,Pa=1275/Rh=0.00/Ti=20.77 Tracksoar v1.2
5/21/17 16:03,239.5,43.57633,-101.84217,15,67,31016.75,1264,20.71,0,Pa=1264/Rh=0.00/Ti=20.71 Tracksoar v1.2
5/21/17 16:04,240,43.57667,-101.8405,20,71,31098.44,1250,20.7,0,Pa=1250/Rh=0.00/Ti=20.70 Tracksoar v1.2
5/21/17 16:04,240.5,43.577,-101.8385,30,91,31174.33,1242,20.71,0,Pa=1242/Rh=0.00/Ti=20.71 Tracksoar v1.2
5/21/17 16:05,241,43.57717,-101.83633,19,90,31217.92,1240,20.83,0,Pa=1240/Rh=0.00/Ti=20.83 Tracksoar v1.2
5/21/17 16:05,241.5,43.57717,-101.83467,11,90,31261.51,1216,21.03,0,Pa=1216/Rh=0.00/Ti=21.03 Tracksoar v1.2
5/21/17 16:06,242,43.57717,-101.8335,11,106,31272.18,1227,21.22,0,Pa=1227/Rh=0.00/Ti=21.22 Tracksoar v1.2
5/21/17 16:06,242.5,43.57667,-101.83267,11,151,31325.52,1215,21.46,0,Pa=1215/Rh=0.00/Ti=21.46 Tracksoar v1.2
5/21/17 16:07,243,43.576,-101.83233,11,0,31324.91,1223,21.58,0,Pa=1223/Rh=0.00/Ti=21.58 Tracksoar v1.2
5/21/17 16:07,243.5,43.57467,-101.83183,19,173,31347.77,1213,21.69,0,Pa=1213/Rh=0.00/Ti=21.69 Tracksoar v1.2
5/21/17 16:08,244,43.57367,-101.83167,20,169,31370.93,1216,21.6,0,Pa=1216/Rh=0.00/Ti=21.60 Tracksoar v1.2
5/21/17 16:08,244.5,43.57233,-101.83117,17,157,31411.47,1210,21.68,0,Pa=1210/Rh=0.00/Ti=21.68 Tracksoar v1.2
5/21/17 16:09,245,43.5715,-101.8305,13,155,31453.53,1200,21.72,0,Pa=1200/Rh=0.00/Ti=21.72 Tracksoar v1.2
5/21/17 16:09,245.5,43.57033,-101.82983,19,159,31478.52,1200,21.71,0,Pa=1200/Rh=0.00/Ti=21.71 Tracksoar v1.2
5/21/17 16:10,246,43.56933,-101.829,15,153,31548.63,1192,21.74,0,Pa=1192/Rh=0.00/Ti=21.74 Tracksoar v1.2
5/21/17 16:10,246.5,43.5685,-101.82833,13,153,31568.44,1184,21.81,0,Pa=1184/Rh=0.00/Ti=21.81 Tracksoar v1.2
5/21/17 16:11,247,43.5675,-101.8275,15,140,31594.35,1184,21.93,0,Pa=1184/Rh=0.00/Ti=21.93 Tracksoar v1.2
5/21/17 16:11,247.5,43.56683,-101.8265,13,136,31612.33,1174,22.07,0,Pa=1174/Rh=0.00/Ti=22.07 Tracksoar v1.2
5/21/17 16:12,248,43.56633,-101.82567,11,116,31661.1,1169,22.31,0,Pa=1169/Rh=0.00/Ti=22.31 Tracksoar v1.2
5/21/17 16:12,248.5,43.566,-101.82467,9,108,31666.28,1169,22.53,0,Pa=1169/Rh=0.00/Ti=22.53 Tracksoar v1.2
5/21/17 16:13,249,43.56583,-101.8235,13,102,31703.16,1175,22.72,0,Pa=1175/Rh=0.00/Ti=22.72 Tracksoar v1.2
5/21/17 16:13,249.5,43.5655,-101.82217,11,102,31726.94,1168,22.99,0,Pa=1168/Rh=0.00/Ti=22.99 Tracksoar v1.2
5/21/17 16:14,250,43.56517,-101.82067,17,101,31757.11,1161,23.21,0,Pa=1161/Rh=0.00/Ti=23.21 Tracksoar v1.2
5/21/17 16:14,250.5,43.565,-101.81883,17,106,31798.56,1158,23.49,0,Pa=1158/Rh=0.00/Ti=23.49 Tracksoar v1.2
5/21/17 16:15,251,43.56467,-101.81733,19,104,31820.21,1151,23.73,0,Pa=1151/Rh=0.00/Ti=23.73 Tracksoar v1.2
5/21/17 16:15,251.5,43.56433,-101.8155,19,99,31836.36,1149,23.98,0,Pa=1149/Rh=0.00/Ti=23.98 Tracksoar v1.2
5/21/17 16:16,252,43.56433,-101.814,13,84,31861.05,1142,24.21,0,Pa=1142/Rh=0.00/Ti=24.21 Tracksoar v1.2
5/21/17 16:16,252.5,43.5645,-101.8125,13,68,31874.46,1145,24.39,0,Pa=1145/Rh=0.00/Ti=24.39 Tracksoar v1.2
5/21/17 16:17,253,43.565,-101.81117,17,59,31885.74,1151,24.59,0,Pa=1151/Rh=0.00/Ti=24.59 Tracksoar v1.2
5/21/17 16:17,253.5,43.5655,-101.81,17,40,31889.09,1141,24.79,0,Pa=1141/Rh=0.00/Ti=24.79 Tracksoar v1.2
5/21/17 16:18,254,43.5665,-101.809,17,33,31911.04,1136,24.96,0,Pa=1136/Rh=0.00/Ti=24.96 Tracksoar v1.2
5/21/17 16:18,254.5,43.56767,-101.808,17,25,31938.16,1142,25.1,0,Pa=1142/Rh=0.00/Ti=25.10 Tracksoar v1.2
5/21/17 16:19,255,43.56883,-101.8075,19,27,31929.32,1142,25.18,0,Pa=1142/Rh=0.00/Ti=25.18 Tracksoar v1.2
5/21/17 16:19,255.5,43.57,-101.80683,19,18,31922.01,1132,25.24,0,Pa=1132/Rh=0.00/Ti=25.24 Tracksoar v1.2
5/21/17 16:20,256,43.5715,-101.80633,17,6,31991.81,1142,25.26,0,Pa=1142/Rh=0.00/Ti=25.26 Tracksoar v1.2
5/21/17 16:20,256.5,43.57233,-101.80633,11,359,31972,1137,25.28,0,Pa=1137/Rh=0.00/Ti=25.28 Tracksoar v1.2
5/21/17 16:21,257,43.57333,-101.80633,11,7,31989.67,1124,25.33,0,Pa=1124/Rh=0.00/Ti=25.33 Tracksoar v1.2
5/21/17 16:21,257.5,43.574,-101.806,9,359,32035.09,1124,25.36,0,Pa=1124/Rh=0.00/Ti=25.36 Tracksoar v1.2
5/21/17 16:22,258,43.57467,-101.80583,9,0,32049.11,1116,25.38,0,Pa=1116/Rh=0.00/Ti=25.38 Tracksoar v1.2
5/21/17 16:22,258.5,43.5755,-101.8055,9,0,32073.19,1116,25.42,0,Pa=1116/Rh=0.00/Ti=25.42 Tracksoar v1.2
5/21/17 16:23,259,43.57617,-101.805,9,0,32083.55,1116,25.51,0,Pa=1116/Rh=0.00/Ti=25.51 Tracksoar v1.2
5/21/17 16:23,259.5,43.57667,-101.80417,11,0,32088.12,1111,25.64,0,Pa=1111/Rh=0.00/Ti=25.64 Tracksoar v1.2
5/21/17 16:24,260,43.577,-101.80333,9,59,32078.07,1111,25.76,0,Pa=1111/Rh=0.00/Ti=25.76 Tracksoar v1.2
5/21/17 16:24,260.5,43.5775,-101.80217,15,57,32099.71,1112,25.9,0,Pa=1112/Rh=0.00/Ti=25.90 Tracksoar v1.2
5/21/17 16:25,261,43.57783,-101.80133,9,0,32070.75,1104,25.96,0,Pa=1104/Rh=0.00/Ti=25.96 Tracksoar v1.2
5/21/17 16:25,261.5,43.57783,-101.80017,13,94,32061.61,1115,26.02,0,Pa=1115/Rh=0.00/Ti=26.02 Tracksoar v1.2
5/21/17 16:26,262,43.578,-101.79917,11,0,32099.4,1112,26.07,0,Pa=1112/Rh=0.00/Ti=26.07 Tracksoar v1.2
5/21/17 16:26,262.5,43.57783,-101.798,13,107,32096.35,1110,26.08,0,Pa=1110/Rh=0.00/Ti=26.08 Tracksoar v1.2
5/21/17 16:27,263,43.57783,-101.797,11,109,32142.38,1107,26.11,0,Pa=1107/Rh=0.00/Ti=26.11 Tracksoar v1.2
5/21/17 16:27,263.5,43.57767,-101.796,9,0,32174.38,1102,26.1,0,Pa=1102/Rh=0.00/Ti=26.10 Tracksoar v1.2
5/21/17 16:28,264,43.5775,-101.79517,9,0,32207.3,1096,26.07,0,Pa=1096/Rh=0.00/Ti=26.07 Tracksoar v1.2
5/21/17 16:28,264.5,43.57717,-101.79433,9,0,32240.83,1086,26.09,0,Pa=1086/Rh=0.00/Ti=26.09 Tracksoar v1.2
5/21/17 16:29,265,43.577,-101.7935,9,0,32271.92,1086,26.18,0,Pa=1086/Rh=0.00/Ti=26.18 Tracksoar v1.2
5/21/17 16:29,265.5,43.5765,-101.793,9,136,32295.39,1080,26.26,0,Pa=1080/Rh=0.00/Ti=26.26 Tracksoar v1.2
5/21/17 16:30,266,43.576,-101.79267,7,138,32262.78,1083,26.4,0,Pa=1083/Rh=0.00/Ti=26.40 Tracksoar v1.2
5/21/17 16:30,266.5,43.5755,-101.79217,9,150,32255.16,1086,27.15,0,Pa=1086/Rh=0.00/Ti=27.15 Tracksoar v1.2
5/21/17 16:31,267,43.57517,-101.79167,7,0,32259.12,1091,27.37,0,Pa=1091/Rh=0.00/Ti=27.37 Tracksoar v1.2
5/21/17 16:31,267.5,43.575,-101.79117,7,0,32256.68,1084,27.49,0,Pa=1084/Rh=0.00/Ti=27.49 Tracksoar v1.2
5/21/17 16:32,268,43.57483,-101.79083,4,0,32260.64,1084,27.59,0,Pa=1084/Rh=0.00/Ti=27.59 Tracksoar v1.2
5/21/17 16:32,268.5,43.5745,-101.79083,4,0,32242.35,1084,27.7,0,Pa=1084/Rh=0.00/Ti=27.70 Tracksoar v1.2
5/21/17 16:33,269,43.5745,-101.7905,4,0,32260.64,1085,27.81,0,Pa=1085/Rh=0.00/Ti=27.81 Tracksoar v1.2
5/21/17 16:33,269.5,43.5745,-101.79033,2,0,32264.6,1085,27.92,0,Pa=1085/Rh=0.00/Ti=27.92 Tracksoar v1.2
5/21/17 16:34,270,43.57483,-101.79033,2,0,32288.68,1088,28.01,0,Pa=1088/Rh=0.00/Ti=28.01 Tracksoar v1.2
5/21/17 16:34,270.5,43.57517,-101.79033,7,352,32282.28,1091,28.03,0,Pa=1091/Rh=0.00/Ti=28.03 Tracksoar v1.2
5/21/17 16:35,271,43.57567,-101.7905,7,357,32273.14,1083,27.95,0,Pa=1083/Rh=0.00/Ti=27.95 Tracksoar v1.2
5/21/17 16:35,271.5,43.57633,-101.79083,11,336,32265.82,1074,27.92,0,Pa=1074/Rh=0.00/Ti=27.92 Tracksoar v1.2
5/21/17 16:36,272,43.57717,-101.79083,13,349,32274.36,1091,27.85,0,Pa=1091/Rh=0.00/Ti=27.85 Tracksoar v1.2
5/21/17 16:36,272.5,43.57817,-101.79117,13,346,32270.09,1074,27.79,0,Pa=1074/Rh=0.00/Ti=27.79 Tracksoar v1.2
5/21/17 16:37,273,43.57917,-101.79133,13,351,32255.16,1077,27.82,0,Pa=1077/Rh=0.00/Ti=27.82 Tracksoar v1.2
5/21/17 16:37,273.5,43.58033,-101.79167,19,353,32270.4,1082,27.84,0,Pa=1082/Rh=0.00/Ti=27.84 Tracksoar v1.2
5/21/17 16:38,274,43.58167,-101.79183,17,351,32261.86,1085,27.83,0,Pa=1085/Rh=0.00/Ti=27.83 Tracksoar v1.2
5/21/17 16:38,274.5,43.583,-101.79217,19,352,32253.02,1082,27.9,0,Pa=1082/Rh=0.00/Ti=27.90 Tracksoar v1.2
5/21/17 16:39,275,43.58433,-101.7925,17,352,32248.45,1082,27.97,0,Pa=1082/Rh=0.00/Ti=27.97 Tracksoar v1.2
5/21/17 16:39,275.5,43.58583,-101.79283,19,347,32266.13,1083,27.98,0,Pa=1083/Rh=0.00/Ti=27.98 Tracksoar v1.2
5/21/17 16:40,276,43.58717,-101.79317,19,348,32237.17,1080,28.05,0,Pa=1080/Rh=0.00/Ti=28.05 Tracksoar v1.2
5/21/17 16:40,276.5,43.5885,-101.7935,20,352,32249.36,1083,27.98,0,Pa=1083/Rh=0.00/Ti=27.98 Tracksoar v1.2
5/21/17 16:41,277,43.59017,-101.79367,22,355,32262.78,1085,27.87,0,Pa=1085/Rh=0.00/Ti=27.87 Tracksoar v1.2
5/21/17 16:41,277.5,43.59133,-101.794,19,355,32265.82,1080,27.73,0,Pa=1080/Rh=0.00/Ti=27.73 Tracksoar v1.2
5/21/17 16:42,278,43.59267,-101.7945,17,350,32274.36,1082,27.67,0,Pa=1082/Rh=0.00/Ti=27.67 Tracksoar v1.2
5/21/17 16:42,278.5,43.594,-101.79483,17,349,32293.56,1079,27.72,0,Pa=1079/Rh=0.00/Ti=27.72 Tracksoar v1.2
5/21/17 16:43,279,43.59533,-101.795,17,351,32303.62,1074,27.86,0,Pa=1074/Rh=0.00/Ti=27.86 Tracksoar v1.2
5/21/17 16:43,279.5,43.59683,-101.79533,20,354,32314.9,1074,28.07,0,Pa=1074/Rh=0.00/Ti=28.07 Tracksoar v1.2
5/21/17 16:44,280,43.59817,-101.79567,20,353,32335.93,1072,28.31,0,Pa=1072/Rh=0.00/Ti=28.31 Tracksoar v1.2
5/21/17 16:44,280.5,43.59967,-101.796,22,350,32333.18,1070,28.54,0,Pa=1070/Rh=0.00/Ti=28.54 Tracksoar v1.2
5/21/17 16:45,281,43.60133,-101.79633,22,351,32322.21,1076,28.72,0,Pa=1076/Rh=0.00/Ti=28.72 Tracksoar v1.2
5/21/17 16:45,281.5,43.60283,-101.7965,20,356,32289.9,1087,28.79,0,Pa=1087/Rh=0.00/Ti=28.79 Tracksoar v1.2
5/21/17 16:46,282,43.6045,-101.79667,22,359,32300.57,1077,28.83,0,Pa=1077/Rh=0.00/Ti=28.83 Tracksoar v1.2
5/21/17 16:46,282.5,43.60633,-101.79683,20,358,32298.74,1077,28.77,0,Pa=1077/Rh=0.00/Ti=28.77 Tracksoar v1.2
5/21/17 16:47,283,43.60817,-101.79683,24,359,32285.64,1077,28.69,0,Pa=1077/Rh=0.00/Ti=28.69 Tracksoar v1.2
5/21/17 16:47,283.5,43.61,-101.79667,24,359,32327.7,1068,28.6,0,Pa=1068/Rh=0.00/Ti=28.60 Tracksoar v1.2
5/21/17 16:48,284,43.612,-101.79683,24,358,32310.32,1076,28.53,0,Pa=1076/Rh=0.00/Ti=28.53 Tracksoar v1.2
5/21/17 16:48,284.5,43.61367,-101.79683,24,358,32311.24,1073,28.44,0,Pa=1073/Rh=0.00/Ti=28.44 Tracksoar v1.2
5/21/17 16:49,285,43.6155,-101.79683,26,359,32331.96,1073,28.35,0,Pa=1073/Rh=0.00/Ti=28.35 Tracksoar v1.2
5/21/17 16:49,285.5,43.61733,-101.79683,24,0,32311.24,1076,28.23,0,Pa=1076/Rh=0.00/Ti=28.23 Tracksoar v1.2
5/21/17 16:50,286,43.61917,-101.79683,24,0,32311.54,1067,28.08,0,Pa=1067/Rh=0.00/Ti=28.08 Tracksoar v1.2
5/21/17 16:50,286.5,43.621,-101.79683,26,7,32319.47,1072,27.98,0,Pa=1072/Rh=0.00/Ti=27.98 Tracksoar v1.2
5/21/17 16:51,287,43.62283,-101.7965,24,5,32342.63,1066,27.98,0,Pa=1066/Rh=0.00/Ti=27.98 Tracksoar v1.2
5/21/17 16:51,287.5,43.6245,-101.79633,24,2,32333.18,1072,28.04,0,Pa=1072/Rh=0.00/Ti=28.04 Tracksoar v1.2
5/21/17 16:52,288,43.62617,-101.796,20,9,32345.99,1072,28.13,0,Pa=1072/Rh=0.00/Ti=28.13 Tracksoar v1.2
5/21/17 16:52,288.5,43.628,-101.79583,24,6,32342.63,1067,28.25,0,Pa=1067/Rh=0.00/Ti=28.25 Tracksoar v1.2
5/21/17 16:53,289,43.62967,-101.7955,22,8,32349.03,1067,28.41,0,Pa=1067/Rh=0.00/Ti=28.41 Tracksoar v1.2
5/21/17 16:53,289.5,43.6315,-101.79517,20,9,32330.75,1070,28.66,0,Pa=1070/Rh=0.00/Ti=28.66 Tracksoar v1.2
5/21/17 16:54,290,43.63317,-101.79483,24,10,32322.52,1076,28.87,0,Pa=1076/Rh=0.00/Ti=28.87 Tracksoar v1.2
5/21/17 16:54,290.5,43.63483,-101.79433,22,13,32305.75,1074,29.09,0,Pa=1074/Rh=0.00/Ti=29.09 Tracksoar v1.2
5/21/17 16:55,291,43.63633,-101.79383,22,14,32303.01,1078,29.29,0,Pa=1078/Rh=0.00/Ti=29.29 Tracksoar v1.2
5/21/17 16:55,291.5,43.638,-101.79333,24,17,32324.34,1073,29.49,0,Pa=1073/Rh=0.00/Ti=29.49 Tracksoar v1.2
5/21/17 16:56,292,43.63967,-101.79267,24,12,32337.15,1065,29.58,0,Pa=1065/Rh=0.00/Ti=29.58 Tracksoar v1.2
5/21/17 16:56,292.5,43.64133,-101.792,22,14,32348.12,1065,29.62,0,Pa=1065/Rh=0.00/Ti=29.62 Tracksoar v1.2
5/21/17 16:57,293,43.643,-101.79133,22,16,32349.34,1071,29.52,0,Pa=1071/Rh=0.00/Ti=29.52 Tracksoar v1.2
5/21/17 16:57,293.5,43.64467,-101.791,22,16,32352.69,1068,29.42,0,Pa=1068/Rh=0.00/Ti=29.42 Tracksoar v1.2
5/21/17 16:58,294,43.64633,-101.79033,24,13,32333.18,1065,29.25,0,Pa=1065/Rh=0.00/Ti=29.25 Tracksoar v1.2
5/21/17 16:58,294.5,43.64817,-101.78967,28,14,32308.19,1073,29.2,0,Pa=1073/Rh=0.00/Ti=29.20 Tracksoar v1.2
5/21/17 16:59,295,43.65017,-101.789,28,13,32318.25,1067,29.19,0,Pa=1067/Rh=0.00/Ti=29.19 Tracksoar v1.2
5/21/17 16:59,295.5,43.652,-101.78833,30,13,32301.18,1075,29.24,0,Pa=1075/Rh=0.00/Ti=29.24 Tracksoar v1.2
5/21/17 17:00,296,43.65417,-101.78767,30,12,32313.37,1064,29.44,0,Pa=1064/Rh=0.00/Ti=29.44 Tracksoar v1.2
5/21/17 17:00,296.5,43.65633,-101.787,30,13,32326.48,1076,30.06,0,Pa=1076/Rh=0.00/Ti=30.06 Tracksoar v1.2
5/21/17 17:01,297,43.6585,-101.7865,31,12,32347.81,1072,30.22,0,Pa=1072/Rh=0.00/Ti=30.22 Tracksoar v1.2
5/21/17 17:01,297.5,43.66067,-101.78583,30,11,32345.38,1059,30.3,0,Pa=1059/Rh=0.00/Ti=30.30 Tracksoar v1.2
5/21/17 17:02,298,43.66283,-101.78517,30,14,32343.55,1059,30.37,0,Pa=1059/Rh=0.00/Ti=30.37 Tracksoar v1.2
5/21/17 17:02,298.5,43.66483,-101.7845,28,15,32337.45,1070,30.43,0,Pa=1070/Rh=0.00/Ti=30.43 Tracksoar v1.2
5/21/17 17:03,299,43.66667,-101.78383,24,15,32337.45,1068,30.51,0,Pa=1068/Rh=0.00/Ti=30.51 Tracksoar v1.2
5/21/17 17:03,299.5,43.6685,-101.78317,26,18,32337.76,1073,30.55,0,Pa=1073/Rh=0.00/Ti=30.55 Tracksoar v1.2
5/21/17 17:04,300,43.6705,-101.78217,28,22,32352.08,1073,30.62,0,Pa=1073/Rh=0.00/Ti=30.62 Tracksoar v1.2
5/21/17 17:04,300.5,43.67233,-101.78133,26,16,32377.38,1063,30.66,0,Pa=1063/Rh=0.00/Ti=30.66 Tracksoar v1.2
5/21/17 17:05,301,43.67433,-101.78017,28,20,32376.77,1060,30.69,0,Pa=1060/Rh=0.00/Ti=30.69 Tracksoar v1.2
5/21/17 17:05,301.5,43.67633,-101.77917,24,21,32380.12,1066,30.71,0,Pa=1066/Rh=0.00/Ti=30.71 Tracksoar v1.2
5/21/17 17:06,302,43.67833,-101.77817,28,23,32382.26,1066,30.64,0,Pa=1066/Rh=0.00/Ti=30.64 Tracksoar v1.2
5/21/17 17:06,302.5,43.68017,-101.77717,28,25,32414.26,1060,30.56,0,Pa=1060/Rh=0.00/Ti=30.56 Tracksoar v1.2
5/21/17 17:07,303,43.68217,-101.77633,30,20,32408.47,1065,30.48,0,Pa=1065/Rh=0.00/Ti=30.48 Tracksoar v1.2
5/21/17 17:07,303.5,43.68417,-101.77517,28,19,32413.35,1052,30.47,0,Pa=1052/Rh=0.00/Ti=30.47 Tracksoar v1.2
5/21/17 17:08,304,43.68617,-101.77417,28,18,32415.18,1054,30.5,0,Pa=1054/Rh=0.00/Ti=30.50 Tracksoar v1.2
5/21/17 17:08,304.5,43.688,-101.77317,28,21,32420.05,1057,30.52,0,Pa=1057/Rh=0.00/Ti=30.52 Tracksoar v1.2
5/21/17 17:09,305,43.68983,-101.77217,26,23,32416.7,1057,30.31,0,Pa=1057/Rh=0.00/Ti=30.31 Tracksoar v1.2
5/21/17 17:09,305.5,43.6915,-101.771,22,23,32418.22,1057,29.69,0,Pa=1057/Rh=0.00/Ti=29.69 Tracksoar v1.2
5/21/17 17:10,306,43.69333,-101.77017,30,23,32402.07,1055,28.7,0,Pa=1055/Rh=0.00/Ti=28.70 Tracksoar v1.2
5/21/17 17:10,306.5,43.695,-101.769,28,26,32403.9,1055,27.66,0,Pa=1055/Rh=0.00/Ti=27.66 Tracksoar v1.2
5/21/17 17:11,307,43.69683,-101.76783,26,26,32408.47,1057,26.43,0,Pa=1057/Rh=0.00/Ti=26.43 Tracksoar v1.2
5/21/17 17:11,307.5,43.69867,-101.76667,24,28,32399.33,1054,25.15,0,Pa=1054/Rh=0.00/Ti=25.15 Tracksoar v1.2
5/21/17 17:12,308,43.70017,-101.76533,28,31,32389.27,1051,24.09,0,Pa=1051/Rh=0.00/Ti=24.09 Tracksoar v1.2
5/21/17 17:12,308.5,43.70217,-101.764,30,25,32400.85,1040,23.45,0,Pa=1040/Rh=0.00/Ti=23.45 Tracksoar v1.2
5/21/17 17:13,309,43.70417,-101.7625,30,29,32402.98,1052,23.07,0,Pa=1052/Rh=0.00/Ti=23.07 Tracksoar v1.2
5/21/17 17:13,309.5,43.70633,-101.76133,30,24,32453.58,1043,22.99,0,Pa=1043/Rh=0.00/Ti=22.99 Tracksoar v1.2
5/21/17 17:14,310,43.708,-101.75983,24,28,32399.33,1035,23,0,Pa=1035/Rh=0.00/Ti=23.00 Tracksoar v1.2
5/21/17 17:14,310.5,43.71067,-101.75867,44,11,32515.15,1045,23.12,0,Pa=1045/Rh=0.00/Ti=23.12 Tracksoar v1.2
5/21/17 17:15,311,43.712,-101.757,26,33,32406.03,1043,23.28,0,Pa=1043/Rh=0.00/Ti=23.28 Tracksoar v1.2
5/21/17 17:15,311.5,43.71383,-101.75567,31,28,32397.8,1046,23.46,0,Pa=1046/Rh=0.00/Ti=23.46 Tracksoar v1.2
5/21/17 17:16,312,43.7155,-101.75433,28,30,32377.68,1044,23.69,0,Pa=1044/Rh=0.00/Ti=23.69 Tracksoar v1.2
5/21/17 17:16,312.5,43.71733,-101.753,28,30,32383.17,1042,23.95,0,Pa=1042/Rh=0.00/Ti=23.95 Tracksoar v1.2
5/21/17 17:17,313,43.719,-101.7515,26,30,32395.97,1048,24.26,0,Pa=1048/Rh=0.00/Ti=24.26 Tracksoar v1.2
5/21/17 17:17,313.5,43.72067,-101.75,30,30,32409.69,1043,24.53,0,Pa=1043/Rh=0.00/Ti=24.53 Tracksoar v1.2
5/21/17 17:18,314,43.72267,-101.74867,30,28,32414.57,1049,24.86,0,Pa=1049/Rh=0.00/Ti=24.86 Tracksoar v1.2
5/21/17 17:18,314.5,43.72417,-101.747,35,21,32388.66,1042,25.19,0,Pa=1042/Rh=0.00/Ti=25.19 Tracksoar v1.2
5/21/17 17:19,315,43.7265,-101.7455,30,32,32448.7,1043,25.49,0,Pa=1043/Rh=0.00/Ti=25.49 Tracksoar v1.2
5/21/17 17:19,315.5,43.728,-101.74383,28,36,32406.95,1041,25.85,0,Pa=1041/Rh=0.00/Ti=25.85 Tracksoar v1.2
5/21/17 17:20,316,43.73,-101.74233,28,37,32430.11,1042,26.16,0,Pa=1042/Rh=0.00/Ti=26.16 Tracksoar v1.2
5/21/17 17:20,316.5,43.73167,-101.7405,31,28,32399.94,1043,26.48,0,Pa=1043/Rh=0.00/Ti=26.48 Tracksoar v1.2
5/21/17 17:21,317,43.73317,-101.73883,26,39,32381.95,1049,26.78,0,Pa=1049/Rh=0.00/Ti=26.78 Tracksoar v1.2
5/21/17 17:21,317.5,43.73483,-101.73733,26,39,32385.3,1044,27,0,Pa=1044/Rh=0.00/Ti=27.00 Tracksoar v1.2
5/21/17 17:22,318,43.7365,-101.73567,24,35,32422.19,1042,27.19,0,Pa=1042/Rh=0.00/Ti=27.19 Tracksoar v1.2
5/21/17 17:22,318.5,43.73817,-101.734,28,39,32406.03,1040,27.37,0,Pa=1040/Rh=0.00/Ti=27.37 Tracksoar v1.2
5/21/17 17:23,319,43.73983,-101.73233,28,34,32391.4,1046,27.57,0,Pa=1046/Rh=0.00/Ti=27.57 Tracksoar v1.2
5/21/17 17:23,319.5,43.74183,-101.7305,30,35,32398.72,1038,27.73,0,Pa=1038/Rh=0.00/Ti=27.73 Tracksoar v1.2
5/21/17 17:24,320,43.74383,-101.729,31,33,32444.44,1044,27.91,0,Pa=1044/Rh=0.00/Ti=27.91 Tracksoar v1.2
5/21/17 17:24,320.5,43.74533,-101.72683,30,32,32435.29,1055,28.1,0,Pa=1055/Rh=0.00/Ti=28.10 Tracksoar v1.2
5/21/17 17:25,321,43.747,-101.72467,31,38,32410.91,1056,28.36,0,Pa=1056/Rh=0.00/Ti=28.36 Tracksoar v1.2
5/21/17 17:25,321.5,43.749,-101.723,31,41,32400.24,1046,28.61,0,Pa=1046/Rh=0.00/Ti=28.61 Tracksoar v1.2
5/21/17 17:26,322,43.75067,-101.721,31,41,32372.81,1055,28.73,0,Pa=1055/Rh=0.00/Ti=28.73 Tracksoar v1.2
5/21/17 17:26,322.5,43.7525,-101.71883,30,40,32373.11,1050,28.81,0,Pa=1050/Rh=0.00/Ti=28.81 Tracksoar v1.2
5/21/17 17:27,323,43.754,-101.717,26,38,32403.29,1047,28.91,0,Pa=1047/Rh=0.00/Ti=28.91 Tracksoar v1.2
5/21/17 17:27,323.5,43.75583,-101.71483,33,44,32438.34,1042,29,0,Pa=1042/Rh=0.00/Ti=29.00 Tracksoar v1.2
5/21/17 17:28,324,43.75767,-101.713,31,38,32419.75,1039,29.13,0,Pa=1039/Rh=0.00/Ti=29.13 Tracksoar v1.2
5/21/17 17:28,324.5,43.7595,-101.71083,33,36,32439.56,1048,29.25,0,Pa=1048/Rh=0.00/Ti=29.25 Tracksoar v1.2
5/21/17 17:29,325,43.76133,-101.70883,33,39,32441.69,1040,29.35,0,Pa=1040/Rh=0.00/Ti=29.35 Tracksoar v1.2
5/21/17 17:29,325.5,43.76333,-101.70667,33,37,32444.13,1040,29.4,0,Pa=1040/Rh=0.00/Ti=29.40 Tracksoar v1.2
5/21/17 17:30,326,43.7655,-101.70433,35,38,32428.89,1043,29.68,0,Pa=1043/Rh=0.00/Ti=29.68 Tracksoar v1.2
5/21/17 17:30,326.5,43.76767,-101.70217,35,37,32407.56,1041,30.2,0,Pa=1041/Rh=0.00/Ti=30.20 Tracksoar v1.2
5/21/17 17:31,327,43.76967,-101.69983,35,42,32406.03,1043,30.33,0,Pa=1043/Rh=0.00/Ti=30.33 Tracksoar v1.2
5/21/17 17:31,327.5,43.7715,-101.69767,33,40,32401.76,1046,30.36,0,Pa=1046/Rh=0.00/Ti=30.36 Tracksoar v1.2
5/21/17 17:32,328,43.77333,-101.6955,31,45,32398.41,1054,30.52,0,Pa=1054/Rh=0.00/Ti=30.52 Tracksoar v1.2
5/21/17 17:32,328.5,43.77517,-101.69317,30,48,32381.34,1054,30.58,0,Pa=1054/Rh=0.00/Ti=30.58 Tracksoar v1.2
5/21/17 17:33,329,43.77683,-101.691,33,46,32385.91,1055,30.71,0,Pa=1055/Rh=0.00/Ti=30.71 Tracksoar v1.2
5/21/17 17:33,329.5,43.7785,-101.68867,30,47,32395.67,1047,30.68,0,Pa=1047/Rh=0.00/Ti=30.68 Tracksoar v1.2
5/21/17 17:34,330,43.78,-101.68633,31,50,32403.9,1052,30.08,0,Pa=1052/Rh=0.00/Ti=30.08 Tracksoar v1.2
5/21/17 17:34,330.5,43.78167,-101.68433,31,49,32392.01,1050,29.23,0,Pa=1050/Rh=0.00/Ti=29.23 Tracksoar v1.2
5/21/17 17:35,331,43.783,-101.68183,33,51,32398.72,1046,28.66,0,Pa=1046/Rh=0.00/Ti=28.66 Tracksoar v1.2
5/21/17 17:35,331.5,43.78467,-101.679,31,49,32363.36,1057,28.3,0,Pa=1057/Rh=0.00/Ti=28.30 Tracksoar v1.2
5/21/17 17:36,332,43.78617,-101.6765,30,54,32328.31,1054,28.15,0,Pa=1054/Rh=0.00/Ti=28.15 Tracksoar v1.2
5/21/17 17:36,332.5,43.78717,-101.67433,28,54,32371.89,1051,28.08,0,Pa=1051/Rh=0.00/Ti=28.08 Tracksoar v1.2
5/21/17 17:37,333,43.78833,-101.672,28,57,32363.36,1045,28.12,0,Pa=1045/Rh=0.00/Ti=28.12 Tracksoar v1.2
5/21/17 17:37,333.5,43.7895,-101.66983,28,57,32374.64,1048,28.13,0,Pa=1048/Rh=0.00/Ti=28.13 Tracksoar v1.2
5/21/17 17:38,334,43.79033,-101.66767,28,57,32361.53,1053,27.62,0,Pa=1053/Rh=0.00/Ti=27.62 Tracksoar v1.2
5/21/17 17:39,334.5,43.79133,-101.6655,24,56,32381.95,1047,26.72,0,Pa=1047/Rh=0.00/Ti=26.72 Tracksoar v1.2
5/21/17 17:39,335,43.79217,-101.66367,20,55,32370.06,1042,25.83,0,Pa=1042/Rh=0.00/Ti=25.83 Tracksoar v1.2
5/21/17 17:39,335.5,43.79317,-101.66183,20,53,32391.1,1045,25.29,0,Pa=1045/Rh=0.00/Ti=25.29 Tracksoar v1.2
5/21/17 17:40,336,43.79433,-101.65983,22,52,32374.64,1041,25.08,0,Pa=1041/Rh=0.00/Ti=25.08 Tracksoar v1.2
5/21/17 17:40,336.5,43.7955,-101.65817,22,52,32372.81,1032,24.72,0,Pa=1032/Rh=0.00/Ti=24.72 Tracksoar v1.2
5/21/17 17:41,337,43.7965,-101.65633,22,54,32381.65,1036,24,0,Pa=1036/Rh=0.00/Ti=24.00 Tracksoar v1.2
5/21/17 17:41,337.5,43.79767,-101.65467,26,47,32397.19,1037,23.33,0,Pa=1037/Rh=0.00/Ti=23.33 Tracksoar v1.2
5/21/17 17:42,338,43.79883,-101.65267,20,68,32364.58,1036,23.11,0,Pa=1036/Rh=0.00/Ti=23.11 Tracksoar v1.2
5/21/17 17:42,338.5,43.8,-101.65117,22,49,32392.62,1035,23.07,0,Pa=1035/Rh=0.00/Ti=23.07 Tracksoar v1.2
5/21/17 17:43,339,43.80133,-101.64917,24,49,32385.61,1032,22.61,0,Pa=1032/Rh=0.00/Ti=22.61 Tracksoar v1.2
5/21/17 17:43,339.5,43.80233,-101.64733,20,96,32381.04,1034,21.9,0,Pa=1034/Rh=0.00/Ti=21.90 Tracksoar v1.2
5/21/17 17:44,340,43.804,-101.64567,24,44,32399.33,1029,21.12,0,Pa=1029/Rh=0.00/Ti=21.12 Tracksoar v1.2
5/21/17 17:44,340.5,43.80533,-101.644,22,44,32396.58,1019,20.76,0,Pa=1019/Rh=0.00/Ti=20.76 Tracksoar v1.2
5/21/17 17:45,341,43.80683,-101.64217,26,39,32440.47,1032,20.7,0,Pa=1032/Rh=0.00/Ti=20.70 Tracksoar v1.2
5/21/17 17:45,341.5,43.80833,-101.6405,24,38,32434.99,1024,20.84,0,Pa=1024/Rh=0.00/Ti=20.84 Tracksoar v1.2
5/21/17 17:46,342,43.80983,-101.63867,28,42,32425.54,1032,21.12,0,Pa=1032/Rh=0.00/Ti=21.12 Tracksoar v1.2
5/21/17 17:46,342.5,43.8115,-101.63667,28,39,32430.72,1025,21.47,0,Pa=1025/Rh=0.00/Ti=21.47 Tracksoar v1.2
5/21/17 17:47,343,43.813,-101.63483,26,41,32449.31,1018,21.45,0,Pa=1018/Rh=0.00/Ti=21.45 Tracksoar v1.2
5/21/17 17:48,343.5,43.81467,-101.63283,28,44,32485.89,1020,21.04,0,Pa=1020/Rh=0.00/Ti=21.04 Tracksoar v1.2
5/21/17 17:48,344,43.81633,-101.6305,28,46,32459.68,1025,20.39,0,Pa=1025/Rh=0.00/Ti=20.39 Tracksoar v1.2
5/21/17 17:49,344.5,43.81783,-101.6285,28,47,32468.21,1015,19.61,0,Pa=1015/Rh=0.00/Ti=19.61 Tracksoar v1.2
5/21/17 17:49,345,43.819,-101.6265,28,44,32483.15,1027,18.72,0,Pa=1027/Rh=0.00/Ti=18.72 Tracksoar v1.2
5/21/17 17:50,345.5,43.82033,-101.6245,24,49,32474.61,1016,17.72,0,Pa=1016/Rh=0.00/Ti=17.72 Tracksoar v1.2
5/21/17 17:50,346,43.82167,-101.62233,26,48,32467.6,1014,16.81,0,Pa=1014/Rh=0.00/Ti=16.81 Tracksoar v1.2
5/21/17 17:51,346.5,43.82283,-101.62033,22,53,32470.34,1009,15.97,0,Pa=1009/Rh=0.00/Ti=15.97 Tracksoar v1.2
5/21/17 17:51,347,43.824,-101.6185,26,49,32443.83,1010,15.11,0,Pa=1010/Rh=0.00/Ti=15.11 Tracksoar v1.2
5/21/17 17:52,347.5,43.82533,-101.61667,22,46,32422.19,1011,14.16,0,Pa=1011/Rh=0.00/Ti=14.16 Tracksoar v1.2
5/21/17 17:52,348,43.8265,-101.61483,22,47,32432.24,1017,13.17,0,Pa=1017/Rh=0.00/Ti=13.17 Tracksoar v1.2
5/21/17 17:53,348.5,43.82767,-101.613,24,45,32408.16,1015,12.15,0,Pa=1015/Rh=0.00/Ti=12.15 Tracksoar v1.2
5/21/17 17:53,349,43.82883,-101.61133,20,47,32419.14,1015,11.24,0,Pa=1015/Rh=0.00/Ti=11.24 Tracksoar v1.2
5/21/17 17:54,349.5,43.83,-101.6095,20,51,32442.61,1008,10.36,0,Pa=1008/Rh=0.00/Ti=10.36 Tracksoar v1.2
5/21/17 17:54,350,43.83117,-101.60767,22,50,32459.07,1011,9.48,0,Pa=1011/Rh=0.00/Ti=9.48 Tracksoar v1.2
5/21/17 17:55,350.5,43.83233,-101.606,24,49,32459.07,1007,8.66,0,Pa=1007/Rh=0.00/Ti=8.66 Tracksoar v1.2
5/21/17 17:55,351,43.8335,-101.60383,24,49,32461.5,1010,7.9,0,Pa=1010/Rh=0.00/Ti=7.90 Tracksoar v1.2
5/21/17 17:56,351.5,43.8345,-101.60217,22,48,32483.15,1012,7.12,0,Pa=1012/Rh=0.00/Ti=7.12 Tracksoar v1.2
5/21/17 17:56,352,43.83583,-101.60017,22,47,32496.25,1005,6.6,0,Pa=1005/Rh=0.00/Ti=6.60 Tracksoar v1.2
5/21/17 17:57,352.5,43.83717,-101.59817,28,46,32496.86,999,6.55,0,Pa=999/Rh=0.00/Ti=6.55 Tracksoar v1.2
5/21/17 17:57,353,43.83867,-101.59633,30,44,32524.6,998,6.83,0,Pa=998/Rh=0.00/Ti=6.83 Tracksoar v1.2
5/21/17 17:58,353.5,43.84033,-101.59417,30,48,32500.21,999,7.41,0,Pa=999/Rh=0.00/Ti=7.41 Tracksoar v1.2
5/21/17 17:58,354,43.84183,-101.59183,33,46,32498.08,995,8.11,0,Pa=995/Rh=0.00/Ti=8.11 Tracksoar v1.2
5/21/17 17:59,354.5,43.84383,-101.58917,37,40,32473.7,996,8.96,0,Pa=996/Rh=0.00/Ti=8.96 Tracksoar v1.2
5/21/17 17:59,355,43.84583,-101.58683,31,39,32485.28,993,9.93,0,Pa=993/Rh=0.00/Ti=9.93 Tracksoar v1.2
5/21/17 18:00,355.5,43.8475,-101.58483,31,42,32474,997,10.59,0,Pa=997/Rh=0.00/Ti=10.59 Tracksoar v1.2
5/21/17 18:00,356,43.84933,-101.58267,31,44,32474.92,993,11.01,0,Pa=993/Rh=0.00/Ti=11.01 Tracksoar v1.2
5/21/17 18:01,356.5,43.851,-101.5805,28,42,32476.44,1005,11.28,0,Pa=1005/Rh=0.00/Ti=11.28 Tracksoar v1.2
5/21/17 18:01,357,43.85267,-101.57833,26,46,32557.52,1011,10.96,0,Pa=1011/Rh=0.00/Ti=10.96 Tracksoar v1.2
5/21/17 18:02,357.5,43.85433,-101.576,30,49,32520.03,1002,10.48,0,Pa=1002/Rh=0.00/Ti=10.48 Tracksoar v1.2
5/21/17 18:02,358,43.85583,-101.5735,30,49,32511.19,1001,10.01,0,Pa=1001/Rh=0.00/Ti=10.01 Tracksoar v1.2
5/21/17 18:03,358.5,43.85733,-101.57133,26,55,32509.97,997,9.96,0,Pa=997/Rh=0.00/Ti=9.96 Tracksoar v1.2
5/21/17 18:03,359,43.8585,-101.56917,22,50,32497.47,997,10.28,0,Pa=997/Rh=0.00/Ti=10.28 Tracksoar v1.2
5/21/17 18:04,359.5,43.85967,-101.56733,28,44,32477.35,1001,10.86,0,Pa=1001/Rh=0.00/Ti=10.86 Tracksoar v1.2
5/21/17 18:04,360,43.86117,-101.56533,28,46,32504.18,997,11.58,0,Pa=997/Rh=0.00/Ti=11.58 Tracksoar v1.2
5/21/17 18:05,360.5,43.86233,-101.56333,26,50,32530.08,990,12.33,0,Pa=990/Rh=0.00/Ti=12.33 Tracksoar v1.2
5/21/17 18:05,361,43.8635,-101.56117,26,56,32581.29,994,13.15,0,Pa=994/Rh=0.00/Ti=13.15 Tracksoar v1.2
5/21/17 18:06,361.5,43.86483,-101.55917,26,53,32569.1,996,14.02,0,Pa=996/Rh=0.00/Ti=14.02 Tracksoar v1.2
5/21/17 18:06,362,43.866,-101.557,26,53,32557.82,993,14.86,0,Pa=993/Rh=0.00/Ti=14.86 Tracksoar v1.2
5/21/17 18:07,362.5,43.86733,-101.555,28,53,32559.35,997,15.73,0,Pa=997/Rh=0.00/Ti=15.73 Tracksoar v1.2
5/21/17 18:07,363,43.86867,-101.55283,26,48,32529.78,1004,16.62,0,Pa=1004/Rh=0.00/Ti=16.62 Tracksoar v1.2
5/21/17 18:08,363.5,43.87,-101.5505,28,50,32482.54,15452,17.49,0,Pa=15452/Rh=0.00/Ti=17.49 Tracksoar v1.2
5/21/17 18:08,364,43.87117,-101.54817,26,53,32515.15,1003,18.29,0,Pa=1003/Rh=0.00/Ti=18.29 Tracksoar v1.2
5/21/17 18:09,364.5,43.87233,-101.54583,24,56,32505.7,1002,18.79,0,Pa=1002/Rh=0.00/Ti=18.79 Tracksoar v1.2
5/21/17 18:09,365,43.87333,-101.54383,24,60,32522.77,1014,18.76,0,Pa=1014/Rh=0.00/Ti=18.76 Tracksoar v1.2
5/21/17 18:10,365.5,43.87433,-101.5415,28,59,32505.7,1011,18.4,0,Pa=1011/Rh=0.00/Ti=18.40 Tracksoar v1.2
5/21/17 18:10,366,43.87517,-101.53933,20,64,32502.65,1013,17.89,0,Pa=1013/Rh=0.00/Ti=17.89 Tracksoar v1.2
5/21/17 18:11,366.5,43.876,-101.5375,22,57,32527.04,1004,17.23,0,Pa=1004/Rh=0.00/Ti=17.23 Tracksoar v1.2
5/21/17 18:11,367,43.8765,-101.5355,22,63,32531.3,1000,22.88,0,Pa=1000/Rh=0.00/Ti=22.88 Tracksoar v1.2
5/21/17 18:12,367.5,43.87717,-101.53367,22,55,32565.75,1016,15.57,0,Pa=1016/Rh=0.00/Ti=15.57 Tracksoar v1.2
5/21/17 18:12,368,43.878,-101.532,19,56,32583.73,999,14.64,0,Pa=999/Rh=0.00/Ti=14.64 Tracksoar v1.2
5/21/17 18:13,368.5,43.87867,-101.53033,22,58,32585.56,997,13.75,0,Pa=997/Rh=0.00/Ti=13.75 Tracksoar v1.2
5/21/17 18:13,369,43.87933,-101.52833,22,67,32584.03,992,12.81,0,Pa=992/Rh=0.00/Ti=12.81 Tracksoar v1.2
5/21/17 18:14,369.5,43.88,-101.5265,17,65,32605.98,995,11.93,0,Pa=995/Rh=0.00/Ti=11.93 Tracksoar v1.2
5/21/17 18:14,370,43.88083,-101.5245,22,63,32593.18,996,11.03,0,Pa=996/Rh=0.00/Ti=11.03 Tracksoar v1.2
5/21/17 18:15,370.5,43.88167,-101.52267,19,63,32637.68,1220,10.11,0,Pa=1220/Rh=0.00/Ti=10.11 Tracksoar v1.2
5/21/17 18:15,371,43.88217,-101.5205,19,74,32604.76,992,9.26,0,Pa=992/Rh=0.00/Ti=9.26 Tracksoar v1.2
5/21/17 18:16,371.5,43.88283,-101.519,13,65,32622.44,991,8.39,0,Pa=991/Rh=0.00/Ti=8.39 Tracksoar v1.2
5/21/17 18:16,372,43.8835,-101.51717,22,62,32601.71,986,7.55,0,Pa=986/Rh=0.00/Ti=7.55 Tracksoar v1.2
5/21/17 18:17,372.5,43.88433,-101.51567,15,57,32625.49,987,6.75,0,Pa=987/Rh=0.00/Ti=6.75 Tracksoar v1.2
5/21/17 18:17,373,43.885,-101.51417,17,58,32630.36,975,6.3,0,Pa=975/Rh=0.00/Ti=6.30 Tracksoar v1.2
5/21/17 18:18,373.5,43.88583,-101.5125,19,60,32616.04,982,6.34,0,Pa=982/Rh=0.00/Ti=6.34 Tracksoar v1.2
5/21/17 18:18,374,43.88633,-101.51083,17,63,32619.39,985,6.7,0,Pa=985/Rh=0.00/Ti=6.70 Tracksoar v1.2
5/21/17 18:19,374.5,43.88717,-101.50917,20,67,32636.16,980,7.34,0,Pa=980/Rh=0.00/Ti=7.34 Tracksoar v1.2
5/21/17 18:19,375,43.88783,-101.5075,19,63,32652.61,974,8.08,0,Pa=974/Rh=0.00/Ti=8.08 Tracksoar v1.2
5/21/17 18:20,375.5,43.88867,-101.506,17,57,32678.22,967,9.02,0,Pa=967/Rh=0.00/Ti=9.02 Tracksoar v1.2
5/21/17 18:20,376,43.88917,-101.50483,11,59,32650.48,969,10.01,0,Pa=969/Rh=0.00/Ti=10.01 Tracksoar v1.2
5/21/17 18:21,376.5,43.88967,-101.50367,11,61,32678.22,976,10.8,0,Pa=976/Rh=0.00/Ti=10.80 Tracksoar v1.2
5/21/17 18:21,377,43.89017,-101.50233,17,61,32657.8,975,11.2,0,Pa=975/Rh=0.00/Ti=11.20 Tracksoar v1.2
5/21/17 18:22,377.5,43.89067,-101.50067,19,62,32659.93,987,11.26,0,Pa=987/Rh=0.00/Ti=11.26 Tracksoar v1.2
5/21/17 18:22,378,43.891,-101.49933,13,68,32680.05,987,11.04,0,Pa=987/Rh=0.00/Ti=11.04 Tracksoar v1.2
5/21/17 18:23,378.5,43.8915,-101.498,15,75,32636.46,979,10.69,0,Pa=979/Rh=0.00/Ti=10.69 Tracksoar v1.2
5/21/17 18:23,379,43.89183,-101.49633,15,77,32643.78,975,10.22,0,Pa=975/Rh=0.00/Ti=10.22 Tracksoar v1.2
5/21/17 18:24,379.5,43.89233,-101.495,17,69,32665.72,974,9.67,0,Pa=974/Rh=0.00/Ti=9.67 Tracksoar v1.2
5/21/17 18:24,380,43.893,-101.49317,20,73,32698.03,976,9.06,0,Pa=976/Rh=0.00/Ti=9.06 Tracksoar v1.2
5/21/17 18:25,380.5,43.8935,-101.49167,17,74,32715.1,972,8.43,0,Pa=972/Rh=0.00/Ti=8.43 Tracksoar v1.2
5/21/17 18:25,381,43.894,-101.49017,15,75,32723.33,973,7.76,0,Pa=973/Rh=0.00/Ti=7.76 Tracksoar v1.2
5/21/17 18:26,381.5,43.89417,-101.489,13,72,32737.04,972,7.08,0,Pa=972/Rh=0.00/Ti=7.08 Tracksoar v1.2
5/21/17 18:26,382,43.89433,-101.48783,13,85,32720.58,976,6.44,0,Pa=976/Rh=0.00/Ti=6.44 Tracksoar v1.2
5/21/17 18:27,382.5,43.89467,-101.48667,13,87,32680.66,975,5.74,0,Pa=975/Rh=0.00/Ti=5.74 Tracksoar v1.2
5/21/17 18:27,383,43.89483,-101.4855,11,76,32688.28,968,5.12,0,Pa=968/Rh=0.00/Ti=5.12 Tracksoar v1.2
5/21/17 18:28,383.5,43.895,-101.48433,11,75,32726.07,970,4.51,0,Pa=970/Rh=0.00/Ti=4.51 Tracksoar v1.2
5/21/17 18:28,384,43.89533,-101.4835,9,69,32742.23,974,3.92,0,Pa=974/Rh=0.00/Ti=3.92 Tracksoar v1.2
5/21/17 18:29,384.5,43.8955,-101.4825,9,0,32758.68,960,3.34,0,Pa=960/Rh=0.00/Ti=3.34 Tracksoar v1.2
5/21/17 18:29,385,43.89567,-101.4815,6,0,32778.19,959,2.74,0,Pa=959/Rh=0.00/Ti=2.74 Tracksoar v1.2
5/21/17 18:30,385.5,43.89567,-101.48067,15,112,32796.48,952,2.04,0,Pa=952/Rh=0.00/Ti=2.04 Tracksoar v1.2
5/21/17 18:30,386,43.89567,-101.48,6,85,32784.59,959,2,0,Pa=959/Rh=0.00/Ti=2.00 Tracksoar v1.2
5/21/17 18:31,386.5,43.89583,-101.47917,7,0,32762.04,959,1.69,0,Pa=959/Rh=0.00/Ti=1.69 Tracksoar v1.2
5/21/17 18:31,387,43.896,-101.4785,9,85,32760.21,964,1.19,0,Pa=964/Rh=0.00/Ti=1.19 Tracksoar v1.2
5/21/17 18:32,387.5,43.89633,-101.47783,9,86,32769.96,960,1.09,0,Pa=960/Rh=0.00/Ti=1.09 Tracksoar v1.2
5/21/17 18:32,388,43.89633,-101.47683,6,0,32797.09,960,1.48,0,Pa=960/Rh=0.00/Ti=1.48 Tracksoar v1.2
5/21/17 18:33,388.5,43.8965,-101.47633,9,43,32790.99,958,2.23,0,Pa=958/Rh=0.00/Ti=2.23 Tracksoar v1.2
5/21/17 18:33,389,43.89667,-101.47567,6,0,32778.5,957,3.18,0,Pa=957/Rh=0.00/Ti=3.18 Tracksoar v1.2
5/21/17 18:34,389.5,43.89683,-101.47533,6,0,32790.38,956,4.31,0,Pa=956/Rh=0.00/Ti=4.31 Tracksoar v1.2
5/21/17 18:34,390,43.897,-101.47467,7,0,32790.99,958,5.47,0,Pa=958/Rh=0.00/Ti=5.47 Tracksoar v1.2
5/21/17 18:35,390.5,43.89717,-101.474,9,0,32785.81,955,6.67,0,Pa=955/Rh=0.00/Ti=6.67 Tracksoar v1.2
5/21/17 18:35,391,43.89717,-101.47317,9,91,32798.92,957,7.97,0,Pa=957/Rh=0.00/Ti=7.97 Tracksoar v1.2
5/21/17 18:36,391.5,43.897,-101.47217,9,105,32814.16,959,9.21,0,Pa=959/Rh=0.00/Ti=9.21 Tracksoar v1.2
5/21/17 18:36,392,43.89683,-101.4715,4,0,32816.6,964,10.46,0,Pa=964/Rh=0.00/Ti=10.46 Tracksoar v1.2
5/21/17 18:37,392.5,43.89667,-101.471,4,0,32808.06,962,11.68,0,Pa=962/Rh=0.00/Ti=11.68 Tracksoar v1.2
5/21/17 18:37,393,43.89633,-101.4705,7,0,32819.34,967,12.87,0,Pa=967/Rh=0.00/Ti=12.87 Tracksoar v1.2
5/21/17 18:38,393.5,43.896,-101.47,6,0,32817.51,953,14.01,0,Pa=953/Rh=0.00/Ti=14.01 Tracksoar v1.2
5/21/17 18:38,394,43.89533,-101.46967,7,143,32820.86,966,15.16,0,Pa=966/Rh=0.00/Ti=15.16 Tracksoar v1.2
5/21/17 18:39,394.5,43.89483,-101.4695,7,0,32833.97,969,16.28,0,Pa=969/Rh=0.00/Ti=16.28 Tracksoar v1.2
5/21/17 18:39,395,43.8945,-101.46933,6,0,32846.77,971,17.21,0,Pa=971/Rh=0.00/Ti=17.21 Tracksoar v1.2
5/21/17 18:40,395.5,43.89433,-101.46917,4,0,32812.02,968,18.07,0,Pa=968/Rh=0.00/Ti=18.07 Tracksoar v1.2
5/21/17 18:40,396,43.89383,-101.46867,6,0,32808.67,972,18.93,0,Pa=972/Rh=0.00/Ti=18.93 Tracksoar v1.2
5/21/17 18:41,396.5,43.8935,-101.4685,6,0,32808.37,974,19.74,0,Pa=974/Rh=0.00/Ti=19.74 Tracksoar v1.2
5/21/17 18:41,397,43.89317,-101.46817,7,166,32824.83,974,20.43,0,Pa=974/Rh=0.00/Ti=20.43 Tracksoar v1.2
5/21/17 18:42,397.5,43.89267,-101.46817,4,0,32839.76,970,21.15,0,Pa=970/Rh=0.00/Ti=21.15 Tracksoar v1.2
5/21/17 18:42,398,43.89233,-101.46783,9,196,32862.93,971,21.89,0,Pa=971/Rh=0.00/Ti=21.89 Tracksoar v1.2
5/21/17 18:43,398.5,43.892,-101.46767,4,0,32888.83,968,22.5,0,Pa=968/Rh=0.00/Ti=22.50 Tracksoar v1.2
5/21/17 18:43,399,43.89167,-101.4675,6,0,32894.02,925,24.2,0,Pa=925/Rh=0.00/Ti=24.20 Tracksoar v1.2
5/21/17 18:44,399.5,43.8915,-101.467,2,0,32901.64,976,24.2,0,Pa=976/Rh=0.00/Ti=24.20 Tracksoar v1.2
5/21/17 18:44,400,43.89133,-101.467,2,0,32903.46,968,-133.52,0,Pa=968/Rh=0.00/Ti=-133.52 Tracksoar v1.2
5/21/17 18:45,400.5,43.89117,-101.46683,6,0,32907.73,936,25,7,Pa=936/Rh=7.00/Ti=25.00 Tracksoar v1.2
5/21/17 18:45,401,43.89083,-101.46667,4,0,32939.74,975,25.37,0,Pa=975/Rh=0.00/Ti=25.37 Tracksoar v1.2
5/21/17 18:46,401.5,43.891,-101.46633,2,0,32913.83,968,25.71,0,Pa=968/Rh=0.00/Ti=25.71 Tracksoar v1.2
5/21/17 18:46,402,43.89083,-101.466,2,0,32941.87,972,26.03,0,Pa=972/Rh=0.00/Ti=26.03 Tracksoar v1.2
5/21/17 18:47,402.5,43.89067,-101.46583,6,0,32943.39,973,26.35,0,Pa=973/Rh=0.00/Ti=26.35 Tracksoar v1.2
5/21/17 18:47,403,43.89067,-101.46517,4,0,32927.85,973,26.67,0,Pa=973/Rh=0.00/Ti=26.67 Tracksoar v1.2
5/21/17 18:48,403.5,43.89033,-101.465,4,0,32963.21,974,26.96,0,Pa=974/Rh=0.00/Ti=26.96 Tracksoar v1.2
5/21/17 18:48,404,43.89033,-101.4645,6,0,32927.85,978,27.2,0,Pa=978/Rh=0.00/Ti=27.20 Tracksoar v1.2
5/21/17 18:49,404.5,43.89017,-101.46417,4,0,32922.06,975,27.29,0,Pa=975/Rh=0.00/Ti=27.29 Tracksoar v1.2
5/21/17 18:49,405,43.88983,-101.464,6,0,32908.34,978,26.89,0,Pa=978/Rh=0.00/Ti=26.89 Tracksoar v1.2
5/21/17 18:50,405.5,43.88967,-101.464,2,0,32887.62,980,26.12,0,Pa=980/Rh=0.00/Ti=26.12 Tracksoar v1.2
5/21/17 18:50,406,43.8895,-101.46383,2,0,32883.65,978,25.16,0,Pa=978/Rh=0.00/Ti=25.16 Tracksoar v1.2
5/21/17 18:51,406.5,43.8895,-101.4635,0,0,32894.32,973,24.08,0,Pa=973/Rh=0.00/Ti=24.08 Tracksoar v1.2
5/21/17 18:51,407,43.8895,-101.46317,6,0,32914.44,965,22.88,0,Pa=965/Rh=0.00/Ti=22.88 Tracksoar v1.2
5/21/17 18:52,407.5,43.88933,-101.46283,4,0,32925.41,962,21.67,0,Pa=962/Rh=0.00/Ti=21.67 Tracksoar v1.2
5/21/17 18:52,408,43.88933,-101.46267,4,0,32937.6,965,20.44,0,Pa=965/Rh=0.00/Ti=20.44 Tracksoar v1.2
5/21/17 18:53,408.5,43.88917,-101.462,7,0,32933.03,965,19.19,0,Pa=965/Rh=0.00/Ti=19.19 Tracksoar v1.2
5/21/17 18:53,409,43.88917,-101.46133,13,26,32904.07,962,17.97,0,Pa=962/Rh=0.00/Ti=17.97 Tracksoar v1.2
5/21/17 18:54,409.5,43.88883,-101.46117,6,0,32896.15,962,16.74,0,Pa=962/Rh=0.00/Ti=16.74 Tracksoar v1.2
5/21/17 18:55,410,43.88883,-101.46067,6,0,32899.2,962,15.54,0,Pa=962/Rh=0.00/Ti=15.54 Tracksoar v1.2
5/21/17 18:55,410.5,43.88883,-101.46033,6,0,32907.73,959,14.41,0,Pa=959/Rh=0.00/Ti=14.41 Tracksoar v1.2
5/21/17 18:55,411,43.889,-101.46017,4,0,32936.69,951,13.35,0,Pa=951/Rh=0.00/Ti=13.35 Tracksoar v1.2
5/21/17 18:56,411.5,43.889,-101.46,2,0,32935.16,954,12.29,0,Pa=954/Rh=0.00/Ti=12.29 Tracksoar v1.2
5/21/17 18:57,412,43.88917,-101.46,2,0,32962.6,946,9.41,0,Pa=946/Rh=0.00/Ti=9.41 Tracksoar v1.2
5/21/17 18:58,412.5,43.88917,-101.46017,2,0,32955.28,941,8.55,0,Pa=941/Rh=0.00/Ti=8.55 Tracksoar v1.2
5/21/17 18:59,413,43.889,-101.46033,2,0,32956.5,953,7.69,0,Pa=953/Rh=0.00/Ti=7.69 Tracksoar v1.2
5/21/17 18:59,413.5,43.889,-101.4605,2,0,32960.46,943,6.93,0,Pa=943/Rh=0.00/Ti=6.93 Tracksoar v1.2
5/21/17 19:00,414,43.88883,-101.46083,2,0,32972.35,942,6.18,0,Pa=942/Rh=0.00/Ti=6.18 Tracksoar v1.2
5/21/17 19:00,414.5,43.889,-101.46117,2,275,32982.71,940,5.66,0,Pa=940/Rh=0.00/Ti=5.66 Tracksoar v1.2
5/21/17 19:01,415,43.889,-101.46133,4,0,32999.48,937,5.35,0,Pa=937/Rh=0.00/Ti=5.35 Tracksoar v1.2
5/21/17 19:01,415.5,43.88883,-101.46167,2,0,33029.65,939,4.68,0,Pa=939/Rh=0.00/Ti=4.68 Tracksoar v1.2
5/21/17 19:02,416,43.88883,-101.46183,2,0,33021.12,938,4.01,0,Pa=938/Rh=0.00/Ti=4.01 Tracksoar v1.2
5/21/17 19:02,416.5,43.8885,-101.46183,4,0,32988.81,937,3.37,0,Pa=937/Rh=0.00/Ti=3.37 Tracksoar v1.2
5/21/17 19:03,417,43.88833,-101.46183,4,0,32983.32,935,2.72,0,Pa=935/Rh=0.00/Ti=2.72 Tracksoar v1.2
5/21/17 19:03,417.5,43.88783,-101.46183,6,0,32985.15,939,1.6,0,Pa=939/Rh=0.00/Ti=1.60 Tracksoar v1.2
5/21/17 19:04,418,43.8875,-101.462,2,0,33009.54,940,1.11,0,Pa=940/Rh=0.00/Ti=1.11 Tracksoar v1.2
5/21/17 19:05,418.5,43.88717,-101.462,4,0,32967.78,17510,0.65,0,Pa=17510/Rh=0.00/Ti=0.65 Tracksoar v1.2
5/21/17 19:05,419,43.88717,-101.46217,4,0,32960.16,939,0.21,0,Pa=939/Rh=0.00/Ti=0.21 Tracksoar v1.2
5/21/17 19:06,419.5,43.887,-101.46217,7,0,32965.34,938,-42.96,0,Pa=938/Rh=0.00/Ti=-42.96 Tracksoar v1.2
5/21/17 19:06,420,43.887,-101.4625,6,0,32982.71,939,-0.99,0,Pa=939/Rh=0.00/Ti=-0.99 Tracksoar v1.2
5/21/17 19:07,420.5,43.88717,-101.46267,2,0,32983.93,933,-0.88,0,Pa=933/Rh=0.00/Ti=-0.88 Tracksoar v1.2
5/21/17 19:08,421,43.88733,-101.46283,4,0,32969.91,936,-0.27,0,Pa=936/Rh=0.00/Ti=-0.27 Tracksoar v1.2
5/21/17 19:08,421.5,43.8875,-101.46317,6,0,32981.49,924,0.58,0,Pa=924/Rh=0.00/Ti=0.58 Tracksoar v1.2
5/21/17 19:09,422,43.88783,-101.46333,4,0,32980.88,936,1.47,0,Pa=936/Rh=0.00/Ti=1.47 Tracksoar v1.2
5/21/17 19:09,422.5,43.888,-101.46367,6,11,32960.16,930,1.95,0,Pa=930/Rh=0.00/Ti=1.95 Tracksoar v1.2
5/21/17 19:10,423,43.888,-101.46383,2,0,32971.74,933,2.14,0,Pa=933/Rh=0.00/Ti=2.14 Tracksoar v1.2
5/21/17 19:10,423.5,43.88833,-101.464,6,0,33011.97,931,2.03,0,Pa=931/Rh=0.00/Ti=2.03 Tracksoar v1.2
5/21/17 19:11,424,43.88867,-101.464,2,0,33021.73,931,1.84,0,Pa=931/Rh=0.00/Ti=1.84 Tracksoar v1.2
5/21/17 19:12,424.5,43.88883,-101.46417,4,0,33025.08,933,1.65,0,Pa=933/Rh=0.00/Ti=1.65 Tracksoar v1.2
5/21/17 19:12,425,43.88883,-101.46433,6,0,33015.94,927,1.44,0,Pa=927/Rh=0.00/Ti=1.44 Tracksoar v1.2
5/21/17 19:13,425.5,43.88917,-101.46433,0,0,32994.9,932,1.19,0,Pa=932/Rh=0.00/Ti=1.19 Tracksoar v1.2
5/21/17 19:13,426,43.88917,-101.4645,2,0,32982.1,934,0.82,0,Pa=934/Rh=0.00/Ti=0.82 Tracksoar v1.2
5/21/17 19:14,426.5,43.889,-101.46467,6,97,32979.66,944,0.51,0,Pa=944/Rh=0.00/Ti=0.51 Tracksoar v1.2
5/21/17 19:14,427,43.88867,-101.46467,4,0,32956.8,938,0.3,0,Pa=938/Rh=0.00/Ti=0.30 Tracksoar v1.2
5/21/17 19:15,427.5,43.8885,-101.46467,2,0,32968.08,935,0.65,0,Pa=935/Rh=0.00/Ti=0.65 Tracksoar v1.2
5/21/17 19:15,428,43.88817,-101.46467,7,196,32985.76,936,1.36,0,Pa=936/Rh=0.00/Ti=1.36 Tracksoar v1.2
5/21/17 19:16,428.5,43.88783,-101.4645,4,0,32962.29,937,2.15,0,Pa=937/Rh=0.00/Ti=2.15 Tracksoar v1.2
5/21/17 19:16,429,43.88733,-101.46433,6,0,32971.74,936,2.62,0,Pa=936/Rh=0.00/Ti=2.62 Tracksoar v1.2
5/21/17 19:17,429.5,43.887,-101.464,9,153,32972.35,932,2.79,0,Pa=932/Rh=0.00/Ti=2.79 Tracksoar v1.2
5/21/17 19:17,430,43.88633,-101.46367,9,76,32972.04,934,2.73,0,Pa=934/Rh=0.00/Ti=2.73 Tracksoar v1.2
5/21/17 19:18,430.5,43.88583,-101.46317,11,152,32968.39,939,2.53,0,Pa=939/Rh=0.00/Ti=2.53 Tracksoar v1.2
5/21/17 19:18,431,43.88517,-101.46283,9,150,32971.74,934,2.3,0,Pa=934/Rh=0.00/Ti=2.30 Tracksoar v1.2
5/21/17 19:19,431.5,43.88467,-101.4625,11,161,32955.28,936,2.08,0,Pa=936/Rh=0.00/Ti=2.08 Tracksoar v1.2
5/21/17 19:19,432,43.88417,-101.462,11,109,32753.5,977,1.81,0,Pa=977/Rh=0.00/Ti=1.81 Tracksoar v1.2
5/21/17 19:20,432.5,43.88433,-101.46,17,16,31651.96,1116,1.41,0,Pa=1116/Rh=0.00/Ti=1.41 Tracksoar v1.2
5/21/17 19:20,433,43.88517,-101.459,30,15,30569.31,1258,1.18,0,Pa=1258/Rh=0.00/Ti=1.18 Tracksoar v1.2
5/21/17 19:21,433.5,43.88683,-101.45667,31,45,29621.38,1446,0.96,0,Pa=1446/Rh=0.00/Ti=0.96 Tracksoar v1.2
5/21/17 19:21,434,43.8875,-101.45533,26,97,28632.61,1637,0.59,0,Pa=1637/Rh=0.00/Ti=0.59 Tracksoar v1.2
5/21/17 19:22,434.5,43.88667,-101.45367,37,106,27750.82,1853,0.16,0,Pa=1853/Rh=0.00/Ti=0.16 Tracksoar v1.2
5/21/17 19:22,435,43.88633,-101.4515,11,100,26940.05,2073,-0.35,0,Pa=2073/Rh=0.00/Ti=-0.35 Tracksoar v1.2
5/21/17 19:23,435.5,43.88683,-101.44833,4,0,25386.18,2595,-1.72,0,Pa=2595/Rh=0.00/Ti=-1.72 Tracksoar v1.2
5/21/17 19:24,436,43.887,-101.44883,4,0,24683.31,2872,-2.65,0,Pa=2872/Rh=0.00/Ti=-2.65 Tracksoar v1.2
5/21/17 19:24,436.5,43.88683,-101.4475,9,0,23989.89,3181,-3.61,0,Pa=3181/Rh=0.00/Ti=-3.61 Tracksoar v1.2
5/21/17 19:25,437,43.887,-101.44733,7,330,22694.8,3847,-5.82,0,Pa=3847/Rh=0.00/Ti=-5.82 Tracksoar v1.2
5/21/17 19:26,437.5,43.88733,-101.4465,4,0,22072.7,4231,-6.95,0,Pa=4231/Rh=0.00/Ti=-6.95 Tracksoar v1.2
5/21/17 19:26,438,43.88783,-101.44633,11,292,21496.93,4616,-8.01,0,Pa=4616/Rh=0.00/Ti=-8.01 Tracksoar v1.2
5/21/17 19:27,438.5,43.88817,-101.447,4,0,20901.36,5072,-9.25,35,Pa=5072/Rh=35.00/Ti=-9.25 Tracksoar v1.2
5/21/17 19:27,439,43.88733,-101.4465,17,80,20303.34,5507,-10.42,0,Pa=5507/Rh=0.00/Ti=-10.42 Tracksoar v1.2
5/21/17 19:28,439.5,43.887,-101.4455,39,92,19814.13,5982,22.02,0,Pa=5982/Rh=0.00/Ti=22.02 Tracksoar v1.2
5/21/17 19:28,440,43.88717,-101.44467,6,0,19259.09,6868,-12.99,0,Pa=6868/Rh=0.00/Ti=-12.99 Tracksoar v1.2
5/21/17 19:29,440.5,43.88667,-101.44317,17,38,18755.26,6989,-14.28,0,Pa=6989/Rh=0.00/Ti=-14.28 Tracksoar v1.2
5/21/17 19:29,441,43.887,-101.44283,7,0,18272.46,7553,-15.56,0,Pa=7553/Rh=0.00/Ti=-15.56 Tracksoar v1.2
5/21/17 19:30,441.5,43.8875,-101.44117,7,43,17833.54,8081,-16.91,0,Pa=8081/Rh=0.00/Ti=-16.91 Tracksoar v1.2
5/21/17 19:30,442,43.88783,-101.44083,15,56,17382.74,8669,-17.66,0,Pa=8669/Rh=0.00/Ti=-17.66 Tracksoar v1.2
5/21/17 19:31,442.5,43.8885,-101.4395,20,69,16932.55,9304,-18.45,1,Pa=9304/Rh=1.00/Ti=-18.45 Tracksoar v1.2
5/21/17 19:31,443,43.88983,-101.43733,24,52,16515.59,9937,-19.61,1,Pa=9937/Rh=1.00/Ti=-19.61 Tracksoar v1.2
5/21/17 19:32,443.5,43.89017,-101.43567,15,139,16081.25,10612,-20.72,1,Pa=10612/Rh=1.00/Ti=-20.72 Tracksoar v1.2
5/21/17 19:32,444,43.8895,-101.43483,9,88,15620.39,11296,-21.46,1,Pa=11296/Rh=1.00/Ti=-21.46 Tracksoar v1.2
5/21/17 19:33,444.5,43.889,-101.43167,48,82,15240.91,11999,-22.36,1,Pa=11999/Rh=1.00/Ti=-22.36 Tracksoar v1.2
5/21/17 19:33,445,43.88967,-101.42717,54,48,14856.87,12699,-22.98,1,Pa=12699/Rh=1.00/Ti=-22.98 Tracksoar v1.2
5/21/17 19:34,445.5,43.89167,-101.42333,41,64,14471.6,13454,-23.77,1,Pa=13454/Rh=1.00/Ti=-23.77 Tracksoar v1.2
5/21/17 19:34,446,43.89233,-101.41983,35,80,14097.91,14241,-24.36,1,Pa=14241/Rh=1.00/Ti=-24.36 Tracksoar v1.2
5/21/17 19:35,446.5,43.8925,-101.41667,35,105,13759.28,15055,-25.03,1,Pa=15055/Rh=1.00/Ti=-25.03 Tracksoar v1.2
5/21/17 19:35,447,43.89183,-101.412,48,90,13419.43,15782,-25.58,2,Pa=15782/Rh=2.00/Ti=-25.58 Tracksoar v1.2
5/21/17 19:36,447.5,43.8925,-101.40767,33,76,13177.11,16391,-25.86,1,Pa=16391/Rh=1.00/Ti=-25.86 Tracksoar v1.2
5/21/17 19:36,448,43.89267,-101.4035,44,86,12849.15,17262,-26.71,1,Pa=17262/Rh=1.00/Ti=-26.71 Tracksoar v1.2
5/21/17 19:37,448.5,43.89317,-101.39933,35,78,12551.05,18054,-27.45,1,Pa=18054/Rh=1.00/Ti=-27.45 Tracksoar v1.2
5/21/17 19:37,449,43.89333,-101.39467,37,89,12282.22,18788,-27.77,1,Pa=18788/Rh=1.00/Ti=-27.77 Tracksoar v1.2
5/21/17 19:38,449.5,43.89283,-101.3885,57,90,11972.24,19716,-28.09,1,Pa=19716/Rh=1.00/Ti=-28.09 Tracksoar v1.2
5/21/17 19:38,450,43.8925,-101.38267,46,99,11636.04,20730,-28.62,2,Pa=20730/Rh=2.00/Ti=-28.62 Tracksoar v1.2
5/21/17 19:39,450.5,43.89217,-101.37767,54,94,11308.69,21742,-28.99,2,Pa=21742/Rh=2.00/Ti=-28.99 Tracksoar v1.2
5/21/17 19:40,451,43.88867,-101.3605,72,107,10326.62,25294,-31.1,2,Pa=25294/Rh=2.00/Ti=-31.10 Tracksoar v1.2
5/21/17 19:41,451.5,43.8875,-101.3535,72,102,10007.5,26510,-31.82,2,Pa=26510/Rh=2.00/Ti=-31.82 Tracksoar v1.2
5/21/17 19:42,452,43.88567,-101.33783,76,97,9414.05,28985,-33.12,2,Pa=28985/Rh=2.00/Ti=-33.12 Tracksoar v1.2
5/21/17 19:43,452.5,43.88433,-101.3215,80,98,8841.94,31631,-34.24,3,Pa=31631/Rh=3.00/Ti=-34.24 Tracksoar v1.2
5/21/17 19:43,453,43.88317,-101.314,69,105,8552.08,33053,-34.53,4,Pa=33053/Rh=4.00/Ti=-34.53 Tracksoar v1.2
5/21/17 19:44,453.5,43.8805,-101.30267,74,110,8085.43,37391,-33.49,6,Pa=37391/Rh=6.00/Ti=-33.49 Tracksoar v1.2
5/21/17 19:44,454,43.87867,-101.29533,78,110,7815.07,36824,-33.73,9,Pa=36824/Rh=9.00/Ti=-33.73 Tracksoar v1.2
5/21/17 19:45,454.5,43.8765,-101.28817,72,111,7532.22,38231,-33.05,10,Pa=38231/Rh=10.00/Ti=-33.05 Tracksoar v1.2
5/21/17 19:45,455,43.87467,-101.281,72,113,7271.31,39749,-31.99,10,Pa=39749/Rh=10.00/Ti=-31.99 Tracksoar v1.2
5/21/17 19:46,455.5,43.87233,-101.2745,76,120,6988.45,41400,-30.86,12,Pa=41400/Rh=12.00/Ti=-30.86 Tracksoar v1.2
5/21/17 19:46,456,43.86967,-101.26767,72,125,6687.31,43086,-29.64,18,Pa=43086/Rh=18.00/Ti=-29.64 Tracksoar v1.2
5/21/17 19:48,456.5,43.86267,-101.25017,54,112,5930.49,47833,-25.26,34,Pa=47833/Rh=34.00/Ti=-25.26 Tracksoar v1.2
5/21/17 19:48,457,43.861,-101.2445,54,112,5647.33,49730,-23.55,46,Pa=49730/Rh=46.00/Ti=-23.55 Tracksoar v1.2
5/21/17 19:49,457.5,43.85883,-101.239,67,127,5380.63,51661,-22.09,54,Pa=51661/Rh=54.00/Ti=-22.09 Tracksoar v1.2
5/21/17 19:49,458,43.856,-101.23367,57,127,5082.84,53654,-20.32,59,Pa=53654/Rh=59.00/Ti=-20.32 Tracksoar v1.2
5/21/17 19:50,458.5,43.85033,-101.22317,67,132,4622.29,57145,-16.82,66,Pa=57145/Rh=66.00/Ti=-16.82 Tracksoar v1.2
5/21/17 19:52,459,43.84183,-101.21033,57,143,3922.78,62570,-12.07,48,Pa=62570/Rh=48.00/Ti=-12.07 Tracksoar v1.2
5/21/17 19:54,459.5,43.82767,-101.1895,44,118,2800.2,72279,-4.62,73,Pa=72279/Rh=73.00/Ti=-4.62 Tracksoar v1.2
5/21/17 19:55,460,43.82467,-101.183,37,133,2305.81,76870,-1.46,70,Pa=76870/Rh=70.00/Ti=-1.46 Tracksoar v1.2
5/21/17 19:56,460.5,43.82317,-101.18017,35,123,2075.08,79238,0.32,65,Pa=79238/Rh=65.00/Ti=0.32 Tracksoar v1.2
5/21/17 19:56,461,43.822,-101.17717,33,117,1802.59,81897,2.3,59,Pa=81897/Rh=59.00/Ti=2.30 Tracksoar v1.2
5/21/17 19:57,461.5,43.82067,-101.17467,33,128,1515.16,84624,4.35,54,Pa=84624/Rh=54.00/Ti=4.35 Tracksoar v1.2
5/21/17 19:57,462,43.81917,-101.172,31,131,1222.25,87624,6.64,48,Pa=87624/Rh=48.00/Ti=6.64 Tracksoar v1.2
5/21/17 19:58,462.5,43.818,-101.16967,26,140,959.82,90393,9.07,43,Pa=90393/Rh=43.00/Ti=9.07 Tracksoar v1.2