n,a_x,a_y,a_z,p,time,g_x,g_y,g_z,rot_x,rot_y,rot_z,t,rh,mag_x,mag_y,mag_z,ext_lat,ext_lon,ext_alt,ext_p,ext_temp,ext_altEST,ext_rh,course,gps_speed,battery_percentage,battery_temp,a_actual_x,a_actual_y,a_actual_z
0,2.4038987,-0.2348349,3.8884315,884.22,Tue May 16 08:56:32 MDT 2017,-9.199242,0.14205958,3.39473,0.29145244,0.5026798,-0.39655566,22.68132,56.498047,75.848,30.923,-110.31,-1.0,-1.0,-1.0,-1.0,-1.0,-1.0,-1.0,-1.0,-1.0,98,227,-6.795343,-0.092775315,7.2831616
1,0.984848,-0.4407611,4.679382,884.2,Tue May 16 08:56:33 MDT 2017,-9.80389,-0.020721301,0.23172435,0.36310962,0.5969395,-0.37308446,22.68132,56.498047,101.73,29.605,-28.55,-1.0,-1.0,-1.0,-1.0,-1.0,-1.0,-1.0,-1.0,-1.0,98,227,-8.819042,-0.46148238,4.911106
2,-4.7458606,-0.07455373,-0.8768225,884.1,Tue May 16 08:56:34 MDT 2017,3.3524354,0.67070997,-9.191394,-0.6921099,-0.7000416,-0.14626937,22.68132,56.498047,24.137,-6.809,90.06,-1.0,-1.0,-1.0,-1.0,-1.0,-1.0,-1.0,-1.0,-1.0,98,227,-1.3934253,0.59615624,-10.068216
3,-4.451382,-0.16018999,-1.2297964,884.13,Tue May 16 08:56:35 MDT 2017,4.5746837,0.3774638,-8.666038,-0.7385968,-0.62961435,-0.19570765,22.68132,56.498047,13.734,-12.492,93.801,-1.0,-1.0,-1.0,-1.0,-1.0,-1.0,-1.0,-1.0,-1.0,98,227,0.12330139,0.2172738,-9.895834
4,-4.2475386,0.14434446,-1.0986557,884.09,Tue May 16 08:56:36 MDT 2017,4.341511,0.07113369,-8.792989,-0.75985223,-0.60907364,-0.17977025,22.68132,56.498047,14.356,-12.794,93.492,-1.0,-1.0,-1.0,-1.0,-1.0,-1.0,-1.0,-1.0,-1.0,98,227,0.093972415,0.21547815,-9.8916445
5,-3.865302,0.5307573,-0.94025517,884.06,Tue May 16 08:56:37 MDT 2017,4.0059614,-0.24405164,-8.947798,-0.78663796,-0.58088887,-0.16055007,22.71634,58.687054,14.048,-13.436,93.162,-1.0,-1.0,-1.0,-1.0,-1.0,-1.0,-1.0,-1.0,-1.0,98,227,0.14065935,0.28670564,-9.888053
6,-3.3981102,0.7481097,-0.78362465,884.14,Tue May 16 08:56:38 MDT 2017,3.5363753,-0.52125907,-9.131962,-0.80839664,-0.5586499,-0.13572122,22.71634,58.687054,14.048,-12.808,93.17,-1.0,-1.0,-1.0,-1.0,-1.0,-1.0,-1.0,-1.0,-1.0,98,227,0.13826515,0.22685061,-9.915586
7,-2.8508582,0.9137636,-0.5717144,884.17,Tue May 16 08:56:39 MDT 2017,2.9753568,-0.6839202,-9.319331,-0.83135885,-0.53289807,-0.11046736,22.71634,58.687054,14.048,-12.808,93.17,-1.0,-1.0,-1.0,-1.0,-1.0,-1.0,-1.0,-1.0,-1.0,98,227,0.12449849,0.22984336,-9.891046
8,-2.2352324,0.9805015,-0.41722107,884.17,Tue May 16 08:56:40 MDT 2017,2.3597307,-0.74407405,-9.489387,-0.8531979,-0.5058101,-0.085039124,22.383106,57.933567,14.048,-12.808,93.478,-1.0,-1.0,-1.0,-1.0,-1.0,-1.0,-1.0,-1.0,-1.0,98,227,0.12449849,0.23642741,-9.906608
9,-1.4966236,0.91610754,-0.25188732,884.15,Tue May 16 08:56:41 MDT 2017,1.6336917,-0.695841,-9.644546,-0.87742054,-0.47098798,-0.05713712,22.383106,57.933567,13.745,-12.808,93.792,-1.0,-1.0,-1.0,-1.0,-1.0,-1.0,-1.0,-1.0,-1.0,98,227,0.13706805,0.22026655,-9.896433
10,-0.83294696,0.7587606,-0.1637125,884.19,Tue May 16 08:56:43 MDT 2017,0.96223384,-0.53430414,-9.744691,-0.89868975,-0.43493986,-0.0325516,21.983122,58.461155,13.423,-12.808,93.792,-1.0,-1.0,-1.0,-1.0,-1.0,-1.0,-1.0,-1.0,-1.0,98,227,0.12928689,0.22445641,-9.908403
11,-0.33177614,0.5630225,-0.11124706,884.14,Tue May 16 08:56:44 MDT 2017,0.47063985,-0.34215742,-9.789375,-0.9125828,-0.4077979,-0.014992799,21.983122,58.461155,13.423,-12.808,94.093,-1.0,-1.0,-1.0,-1.0,-1.0,-1.0,-1.0,-1.0,-1.0,98,227,0.1388637,0.2208651,-9.900622
12,0.05433444,0.36840022,-0.10905361,884.14,Tue May 16 08:56:45 MDT 2017,0.0719597,-0.14334527,-9.805336,-0.92409617,-0.38206846,-8.1887253E-4,21.983122,58.461155,13.423,-12.808,94.093,-1.0,-1.0,-1.0,-1.0,-1.0,-1.0,-1.0,-1.0,-1.0,98,227,0.12629414,0.22505496,-9.91439
13,0.32940724,0.16808659,-0.09992218,884.15,Tue May 16 08:56:46 MDT 2017,-0.20730296,0.05696838,-9.804292,0.93015355,0.36701497,-0.00857104,21.550995,58.552578,13.423,-12.808,94.093,-1.0,-1.0,-1.0,-1.0,-1.0,-1.0,-1.0,-1.0,-1.0,98,227,0.12210429,0.22505496,-9.904214
14,0.5048299,-5.054176E-4,-0.11959362,884.18,Tue May 16 08:56:47 MDT 2017,-0.38392273,0.22316618,-9.796591,0.93434983,0.3556507,-0.014063009,21.550995,58.552578,13.101,-12.808,94.093,-1.0,-1.0,-1.0,-1.0,-1.0,-1.0,-1.0,-1.0,-1.0,98,228,0.12090719,0.22266077,-9.916184
15,0.63065535,-0.15561022,-0.12560558,884.24,Tue May 16 08:56:48 MDT 2017,-0.48879892,0.38246083,-9.786988,0.9276996,0.37199983,-0.015739972,21.278994,58.314476,13.407,-12.808,93.791,-1.0,-1.0,-1.0,-1.0,-1.0,-1.0,-1.0,-1.0,-1.0,98,228,0.14185645,0.22685061,-9.912594
16,0.64278024,-0.2436253,-0.13570976,884.19,Tue May 16 08:56:49 MDT 2017,-0.5164861,0.471673,-9.7816725,0.9213672,0.38706893,-0.01489508,21.278994,58.314476,13.407,-12.808,94.1,-1.0,-1.0,-1.0,-1.0,-1.0,-1.0,-1.0,-1.0,-1.0,98,228,0.12629414,0.22804771,-9.917382
17,0.62489617,-0.31418625,-0.14269924,884.2,Tue May 16 08:56:51 MDT 2017,-0.4926165,0.5272702,-9.780069,0.9119251,0.40871748,-0.011846482,21.278994,58.314476,13.407,-12.808,94.1,-1.0,-1.0,-1.0,-1.0,-1.0,-1.0,-1.0,-1.0,-1.0,98,228,0.13227965,0.21308395,-9.922769
18,0.56372774,-0.32054877,-0.13293839,884.27,Tue May 16 08:56:52 MDT 2017,-0.43444085,0.5521878,-9.781451,0.90218157,0.42987618,-0.00781822,21.278994,57.44101,13.407,-12.808,94.1,-1.0,-1.0,-1.0,-1.0,-1.0,-1.0,-1.0,-1.0,-1.0,98,228,0.12928689,0.23163901,-9.91439
19,0.51416415,-0.30497336,-0.12014103,884.25,Tue May 16 08:56:53 MDT 2017,-0.37769467,0.5473863,-9.784073,0.8967677,0.44120702,-0.004888912,21.278994,57.44101,13.407,-12.808,94.1,-1.0,-1.0,-1.0,-1.0,-1.0,-1.0,-1.0,-1.0,-1.0,98,228,0.1364695,0.24241292,-9.904214
20,0.42083454,-0.30280876,-0.12190342,884.24,Tue May 16 08:56:54 MDT 2017,-0.28675923,0.52666664,-9.788296,0.8863093,0.4620885,-5.1790045E-4,21.10136,57.387993,13.407,-12.49,93.794,-1.0,-1.0,-1.0,-1.0,-1.0,-1.0,-1.0,-1.0,-1.0,98,228,0.1340753,0.22385786,-9.910199
21,0.37361664,-0.2569039,-0.11051464,884.2,Tue May 16 08:56:55 MDT 2017,-0.24073844,0.49273273,-9.791305,0.8903394,0.4544415,5.320922E-4,21.10136,57.387993,13.407,-12.791,93.794,-1.0,-1.0,-1.0,-1.0,-1.0,-1.0,-1.0,-1.0,-1.0,98,228,0.1328782,0.23582886,-9.901819
22,0.33375216,-0.21038301,-0.11749458,884.19,Tue May 16 08:56:56 MDT 2017,-0.1990783,0.44561332,-9.7945,0.88984215,0.45559067,0.0013316299,21.10136,57.387993,13.716,-12.791,93.794,-1.0,-1.0,-1.0,-1.0,-1.0,-1.0,-1.0,-1.0,-1.0,98,228,0.13467385,0.23523031,-9.911995
23,0.25791973,-0.20537367,-0.11827278,884.25,Tue May 16 08:56:58 MDT 2017,-0.13461833,0.42025328,-9.796715,0.89028615,0.45484433,0.003627358,20.996935,58.322086,13.397,-12.791,93.794,-1.0,-1.0,-1.0,-1.0,-1.0,-1.0,-1.0,-1.0,-1.0,98,227,0.12330139,0.2148796,-9.914988
24,0.19140959,-0.15412198,-0.10264301,884.18,Tue May 16 08:56:59 MDT 2017,-0.06750966,0.37678275,-9.799176,0.889953,0.45563594,0.005643029,20.996935,58.322086,13.397,-12.791,93.794,-1.0,-1.0,-1.0,-1.0,-1.0,-1.0,-1.0,-1.0,-1.0,98,227,0.12389994,0.22266077,-9.901819
25,0.16543129,-0.1261383,-0.115039825,884.22,Tue May 16 08:57:00 MDT 2017,-0.022976287,0.34520775,-9.800547,0.88980526,0.45600027,0.0070124054,20.848766,58.466568,13.397,-12.791,93.794,-1.0,-1.0,-1.0,-1.0,-1.0,-1.0,-1.0,-1.0,-1.0,98,227,0.142455,0.21906945,-9.915586
26,0.112068646,-0.0836788,-0.10215187,884.21,Tue May 16 08:57:01 MDT 2017,0.027992152,0.317712,-9.801463,0.8887331,0.45813546,0.008691029,20.848766,58.466568,13.397,-12.791,94.097,-1.0,-1.0,-1.0,-1.0,-1.0,-1.0,-1.0,-1.0,-1.0,98,227,0.1400608,0.23403321,-9.903615
27,0.08900644,-0.053968206,-0.101368904,884.19,Tue May 16 08:57:02 MDT 2017,0.06122972,0.28740287,-9.802246,0.8879752,0.4596472,0.00950347,20.848766,58.466568,13.72,-12.791,93.794,-1.0,-1.0,-1.0,-1.0,-1.0,-1.0,-1.0,-1.0,-1.0,98,227,0.15023616,0.23343466,-9.903615
28,0.0618812,-0.033681825,-0.10632706,884.19,Tue May 16 08:57:03 MDT 2017,0.08536221,0.2659194,-9.802675,0.88758427,0.46042484,0.010109751,20.800867,58.008198,13.72,-12.791,93.794,-1.0,-1.0,-1.0,-1.0,-1.0,-1.0,-1.0,-1.0,-1.0,98,227,0.14724341,0.23223756,-9.909002
29,0.037885115,-0.023617655,-0.101737976,884.22,Tue May 16 08:57:05 MDT 2017,0.095591635,0.24687697,-9.803075,0.89112496,0.453558,0.010032071,20.800867,58.008198,13.418,-12.791,93.794,-1.0,-1.0,-1.0,-1.0,-1.0,-1.0,-1.0,-1.0,-1.0,98,227,0.13347675,0.22325931,-9.904813
30,0.026678897,0.010045931,-0.108148575,884.22,Tue May 16 08:57:06 MDT 2017,0.12355726,0.22698003,-9.803247,0.8910733,0.45366848,0.010845039,20.706615,58.008198,13.418,-12.791,93.794,-1.0,-1.0,-1.0,-1.0,-1.0,-1.0,-1.0,-1.0,-1.0,98,227,0.15023616,0.23702596,-9.911396
31,-0.0058591366,0.008410096,-0.10416126,884.18,Tue May 16 08:57:07 MDT 2017,0.14651848,0.22203182,-9.803045,0.889972,0.45581418,0.011772035,20.706615,58.008198,13.418,-12.791,93.794,-1.0,-1.0,-1.0,-1.0,-1.0,-1.0,-1.0,-1.0,-1.0,98,227,0.14065935,0.23044191,-9.907207
32,-0.019725189,0.0014033765,-0.114551544,884.17,Tue May 16 08:57:08 MDT 2017,0.16038454,0.22185594,-9.802831,0.88897717,0.45773953,0.012415217,20.706615,58.008198,13.418,-12.791,94.099,-1.0,-1.0,-1.0,-1.0,-1.0,-1.0,-1.0,-1.0,-1.0,98,227,0.14065935,0.22325931,-9.917382
33,-0.029494822,0.009548649,-0.11568546,884.19,Tue May 16 08:57:09 MDT 2017,0.16596432,0.21490777,-9.802894,0.889195,0.45731938,0.0125293145,20.706615,57.795082,13.418,-12.791,94.099,-1.0,-1.0,-1.0,-1.0,-1.0,-1.0,-1.0,-1.0,-1.0,98,227,0.1364695,0.22445641,-9.918579
34,-0.030270487,0.03802073,-0.10660553,884.2,Tue May 16 08:57:11 MDT 2017,0.16494434,0.21097624,-9.802996,0.8895455,0.45664203,0.012394796,20.706615,57.795082,13.418,-12.791,94.099,-1.0,-1.0,-1.0,-1.0,-1.0,-1.0,-1.0,-1.0,-1.0,98,227,0.13467385,0.24899697,-9.909601
35,-0.028434008,0.025042683,-0.09939766,884.3,Tue May 16 08:57:12 MDT 2017,0.1637064,0.21078618,-9.8030205,0.889662,0.4564162,0.012360485,20.62378,58.022984,13.418,-12.791,94.099,-1.0,-1.0,-1.0,-1.0,-1.0,-1.0,-1.0,-1.0,-1.0,98,227,0.1352724,0.23582886,-9.902418
36,-0.013391167,0.0144134015,-0.10986042,884.28,Tue May 16 08:57:13 MDT 2017,0.15644471,0.2016633,-9.803331,0.89100295,0.45381016,0.0117922705,20.62378,58.022984,13.418,-12.791,94.099,-1.0,-1.0,-1.0,-1.0,-1.0,-1.0,-1.0,-1.0,-1.0,98,227,0.14305355,0.2160767,-9.913192
37,-0.022097915,0.018099219,-0.105609894,884.17,Tue May 16 08:57:14 MDT 2017,0.14839205,0.20456155,-9.803392,0.8913094,0.4532119,0.011496017,20.58517,58.991795,13.418,-12.791,94.091,-1.0,-1.0,-1.0,-1.0,-1.0,-1.0,-1.0,-1.0,-1.0,98,227,0.12629414,0.22266077,-9.909002
38,-0.0034869015,0.006665081,-0.11596489,884.21,Tue May 16 08:57:16 MDT 2017,0.14773755,0.21360147,-9.803213,0.89051765,0.45475543,0.011675437,20.58517,58.991795,13.43,-12.791,93.783,-1.0,-1.0,-1.0,-1.0,-1.0,-1.0,-1.0,-1.0,-1.0,98,228,0.14425065,0.22026655,-9.919178
39,-0.022525996,2.2551417E-4,-0.12749577,884.24,Tue May 16 08:57:17 MDT 2017,0.14702448,0.22123814,-9.803055,0.8898213,0.45610753,0.011821928,20.58517,58.991795,13.43,-12.791,93.783,-1.0,-1.0,-1.0,-1.0,-1.0,-1.0,-1.0,-1.0,-1.0,98,228,0.12449849,0.22146365,-9.930551
40,-0.022429362,0.0070737004,-0.12627316,884.14,Tue May 16 08:57:18 MDT 2017,0.1475264,0.21977691,-9.80308,0.88994604,0.45586562,0.011805531,20.548096,59.003006,13.43,-12.791,93.783,-1.0,-1.0,-1.0,-1.0,-1.0,-1.0,-1.0,-1.0,-1.0,98,228,0.12509704,0.22685061,-9.929353
41,-0.012710571,0.0031642765,-0.12285328,884.14,Tue May 16 08:57:19 MDT 2017,0.14738442,0.22727764,-9.802908,0.88925356,0.45720628,0.011974096,20.548096,59.003006,13.43,-12.791,93.783,-1.0,-1.0,-1.0,-1.0,-1.0,-1.0,-1.0,-1.0,-1.0,98,228,0.13467385,0.23044191,-9.925761
42,-0.0019995123,-0.0011478662,-0.13474178,884.19,Tue May 16 08:57:20 MDT 2017,0.13787046,0.22979413,-9.802991,0.88976204,0.45622125,0.011578676,20.460842,58.769478,13.43,-12.791,93.783,-1.0,-1.0,-1.0,-1.0,-1.0,-1.0,-1.0,-1.0,-1.0,98,228,0.13587095,0.22864626,-9.937733
43,0.0035870075,0.0015134811,-0.11318874,884.2,Tue May 16 08:57:22 MDT 2017,0.14066364,0.22773133,-9.802996,0.88970757,0.45632738,0.011656277,20.460842,58.769478,13.43,-12.791,93.783,-1.0,-1.0,-1.0,-1.0,-1.0,-1.0,-1.0,-1.0,-1.0,98,228,0.14425065,0.22924481,-9.916184
44,-0.007768303,7.151365E-4,-0.123841286,884.21,Tue May 16 08:57:23 MDT 2017,0.13765374,0.22433983,-9.803118,0.89010835,0.45555,0.011488886,20.460842,59.080864,13.43,-12.791,93.783,-1.0,-1.0,-1.0,-1.0,-1.0,-1.0,-1.0,-1.0,-1.0,98,228,0.12988544,0.22505496,-9.926959
45,0.011358663,-8.186698E-5,-0.10404682,884.18,Tue May 16 08:57:24 MDT 2017,0.13349053,0.22513683,-9.80316,0.8905608,0.4546688,0.011266898,20.460842,59.080864,13.43,-12.791,93.453,-1.0,-1.0,-1.0,-1.0,-1.0,-1.0,-1.0,-1.0,-1.0,98,227,0.1448492,0.22505496,-9.907207
46,0.0061846077,0.005674109,-0.119231224,884.2,Tue May 16 08:57:25 MDT 2017,0.13267909,0.23494317,-9.802939,0.89256334,0.45071074,0.011472012,20.460842,59.080864,13.452,-13.101,93.453,-1.0,-1.0,-1.0,-1.0,-1.0,-1.0,-1.0,-1.0,-1.0,98,227,0.1388637,0.24061728,-9.922171
47,0.017168745,-0.004603699,-0.12408066,884.21,Tue May 16 08:57:26 MDT 2017,0.13246886,0.23743981,-9.802878,0.8901029,0.45554936,0.0115225585,20.451141,59.63225,13.76,-13.101,93.759,-1.0,-1.0,-1.0,-1.0,-1.0,-1.0,-1.0,-1.0,-1.0,98,227,0.14963761,0.23283611,-9.926959
48,0.0065411776,-0.014872491,-0.13055134,884.15,Tue May 16 08:57:28 MDT 2017,0.13172397,0.2333434,-9.802992,0.8927368,0.45037118,0.011376141,20.451141,59.63225,13.446,-13.101,93.759,-1.0,-1.0,-1.0,-1.0,-1.0,-1.0,-1.0,-1.0,-1.0,98,227,0.13826515,0.2184709,-9.933543
49,-0.0055404752,-0.016879544,-0.122878075,884.19,Tue May 16 08:57:29 MDT 2017,0.13183461,0.23774464,-9.802883,0.89228773,0.45125383,0.011483047,20.382643,59.63225,13.446,-13.101,93.769,-1.0,-1.0,-1.0,-1.0,-1.0,-1.0,-1.0,-1.0,-1.0,98,227,0.12629414,0.2208651,-9.925761
50,0.013132885,-0.014543861,-0.12579155,884.15,Tue May 16 08:57:30 MDT 2017,0.12872356,0.23600751,-9.802963,0.8925847,0.4506714,0.011306506,20.382643,59.63225,13.446,-13.101,94.082,-1.0,-1.0,-1.0,-1.0,-1.0,-1.0,-1.0,-1.0,-1.0,98,227,0.14185645,0.22146365,-9.928755
51,-0.006877452,-0.0061950088,-0.12088966,884.19,Tue May 16 08:57:31 MDT 2017,0.13197449,0.22945432,-9.803077,0.89536816,0.44512174,0.011221841,20.382643,59.63225,13.125,-13.101,94.082,-1.0,-1.0,-1.0,-1.0,-1.0,-1.0,-1.0,-1.0,-1.0,98,227,0.12509704,0.22325931,-9.923966
52,-0.005029559,-0.005280167,-0.12867069,884.24,Tue May 16 08:57:33 MDT 2017,0.13072515,0.23033513,-9.803077,0.89541423,0.44502977,0.011193921,20.382643,59.291843,13.125,-13.101,94.094,-1.0,-1.0,-1.0,-1.0,-1.0,-1.0,-1.0,-1.0,-1.0,98,227,0.12569559,0.22505496,-9.931747
53,-0.016597815,0.002751872,-0.122675896,884.17,Tue May 16 08:57:34 MDT 2017,0.1315195,0.22948569,-9.803085,0.8954339,0.44499055,0.011211878,20.382643,59.291843,13.125,-13.101,94.088,-1.0,-1.0,-1.0,-1.0,-1.0,-1.0,-1.0,-1.0,-1.0,98,227,0.11492168,0.23223756,-9.925761
54,0.005731553,0.0022530109,-0.12729263,884.25,Tue May 16 08:57:35 MDT 2017,0.1289423,0.2234005,-9.803258,0.89402294,0.4478285,0.010960528,20.296606,59.0121,13.433,-13.101,94.082,-1.0,-1.0,-1.0,-1.0,-1.0,-1.0,-1.0,-1.0,-1.0,98,227,0.13467385,0.22565351,-9.930551
55,0.0067198128,0.0012595952,-0.1267767,884.21,Tue May 16 08:57:36 MDT 2017,0.12735549,0.22798522,-9.803175,0.89361817,0.4486313,0.010998528,20.296606,59.0121,13.433,-13.101,94.079,-1.0,-1.0,-1.0,-1.0,-1.0,-1.0,-1.0,-1.0,-1.0,98,227,0.1340753,0.22924481,-9.929952
56,0.0013156831,0.012337029,-0.14043903,884.14,Tue May 16 08:57:38 MDT 2017,0.12737265,0.22349183,-9.803279,0.8963206,0.44321197,0.010893707,19.991358,59.424713,13.124,-13.101,93.778,-1.0,-1.0,-1.0,-1.0,-1.0,-1.0,-1.0,-1.0,-1.0,98,227,0.12868834,0.23582886,-9.943718
57,0.010249309,6.534606E-4,-0.11708355,884.23,Tue May 16 08:57:39 MDT 2017,0.12442454,0.2244015,-9.803291,0.8941432,0.4475893,0.010813391,19.991358,59.424713,13.426,-13.101,94.085,-1.0,-1.0,-1.0,-1.0,-1.0,-1.0,-1.0,-1.0,-1.0,98,227,0.13467385,0.22505496,-9.920375
58,0.010849573,-7.5984E-4,-0.13577557,884.17,Tue May 16 08:57:40 MDT 2017,0.12202863,0.2318003,-9.803154,0.8964535,0.44293678,0.010809945,19.991358,59.424713,13.426,-13.403,93.782,-1.0,-1.0,-1.0,-1.0,-1.0,-1.0,-1.0,-1.0,-1.0,98,227,0.1328782,0.23104046,-9.93893
59,0.007539518,-0.0019947588,-0.12572098,884.2,Tue May 16 08:57:42 MDT 2017,0.12234592,0.23662652,-9.803034,0.89609486,0.44365332,0.0109618865,19.991358,59.424713,13.426,-13.403,93.782,-1.0,-1.0,-1.0,-1.0,-1.0,-1.0,-1.0,-1.0,-1.0,98,227,0.12988544,0.23463176,-9.928755
60,0.0017651469,-0.016098812,-0.14453316,884.2,Tue May 16 08:57:43 MDT 2017,0.12812029,0.24414653,-9.802776,0.89739406,0.441007,0.011308482,19.991358,59.424713,13.124,-13.403,93.782,-1.0,-1.0,-1.0,-1.0,-1.0,-1.0,-1.0,-1.0,-1.0,98,227,0.12988544,0.22804771,-9.9473095
61,0.017935202,-0.024009839,-0.117403984,884.19,Tue May 16 08:57:44 MDT 2017,0.12870966,0.23589669,-9.802971,0.8979663,0.43985158,0.011171267,19.978016,59.424713,13.128,-13.403,94.1,-1.0,-1.0,-1.0,-1.0,-1.0,-1.0,-1.0,-1.0,-1.0,98,227,0.14664486,0.21188685,-9.920375
62,0.00786452,-0.011020422,-0.13053799,884.23,Tue May 16 08:57:45 MDT 2017,0.12980208,0.23368119,-9.803005,0.89659697,0.44263792,0.011197913,19.978016,59.424713,13.125,-13.09,94.091,-1.0,-1.0,-1.0,-1.0,-1.0,-1.0,-1.0,-1.0,-1.0,98,227,0.1376666,0.22266077,-9.933543
63,0.014331311,-0.008314282,-0.12926483,884.22,Tue May 16 08:57:47 MDT 2017,0.12812369,0.2315736,-9.803081,0.89767057,0.44046077,0.011068756,19.779413,59.424713,12.817,-13.09,94.104,-1.0,-1.0,-1.0,-1.0,-1.0,-1.0,-1.0,-1.0,-1.0,98,227,0.142455,0.22325931,-9.932345
64,0.011817738,-0.004431352,-0.1298647,884.26,Tue May 16 08:57:48 MDT 2017,0.12764451,0.23188052,-9.80308,0.89530784,0.44524315,0.0110896025,19.779413,59.424713,13.125,-13.09,94.104,-1.0,-1.0,-1.0,-1.0,-1.0,-1.0,-1.0,-1.0,-1.0,98,227,0.13946225,0.22744916,-9.932944
65,0.010019094,-0.0061718524,-0.121813774,884.21,Tue May 16 08:57:49 MDT 2017,0.13064025,0.24379638,-9.802751,0.8939182,0.44800758,0.011545167,19.680946,59.424713,13.125,-13.09,94.097,-1.0,-1.0,-1.0,-1.0,-1.0,-1.0,-1.0,-1.0,-1.0,98,227,0.14065935,0.23762453,-9.924564
66,9.1810524E-4,-0.011161685,-0.13844681,884.19,Tue May 16 08:57:51 MDT 2017,0.13255864,0.23741375,-9.802877,0.8944427,0.44696763,0.011466165,19.680946,59.424713,13.125,-13.09,94.097,-1.0,-1.0,-1.0,-1.0,-1.0,-1.0,-1.0,-1.0,-1.0,98,227,0.13347675,0.22625206,-9.941324
67,-0.006030202,-0.0016449094,-0.110892296,884.27,Tue May 16 08:57:52 MDT 2017,0.13531709,0.23507957,-9.802898,0.8968586,0.4421018,0.011476557,19.680946,59.851917,12.815,-13.09,94.097,-1.0,-1.0,-1.0,-1.0,-1.0,-1.0,-1.0,-1.0,-1.0,98,227,0.12928689,0.23343466,-9.913791
68,0.0016748458,-4.863739E-5,-0.11857033,884.3,Tue May 16 08:57:53 MDT 2017,0.13479465,0.2310891,-9.803001,0.897223,0.44136703,0.0113551635,19.680946,59.851917,12.815,-13.09,94.097,-1.0,-1.0,-1.0,-1.0,-1.0,-1.0,-1.0,-1.0,-1.0,98,227,0.1364695,0.23104046,-9.921572
69,0.0109119415,0.011747569,-0.11799812,884.27,Tue May 16 08:57:55 MDT 2017,0.1345358,0.232461,-9.802975,0.8948491,0.44615957,0.011404268,19.680946,59.851917,13.128,-13.09,94.123,-1.0,-1.0,-1.0,-1.0,-1.0,-1.0,-1.0,-1.0,-1.0,98,226,0.14544775,0.24420857,-9.920973
70,0.016006798,7.1054697E-4,-0.11802578,884.21,Tue May 16 08:57:56 MDT 2017,0.14201051,0.22913282,-9.802947,0.8945296,0.4467971,0.011695202,19.680946,59.851917,13.128,-13.09,94.12,-1.0,-1.0,-1.0,-1.0,-1.0,-1.0,-1.0,-1.0,-1.0,98,226,0.15801731,0.22984336,-9.920973
71,-0.01568295,0.0025765002,-0.13016033,884.27,Tue May 16 08:57:57 MDT 2017,0.14736405,0.23265381,-9.802784,0.8938518,0.44814306,0.01202501,19.680946,59.851917,13.128,-13.09,94.142,-1.0,-1.0,-1.0,-1.0,-1.0,-1.0,-1.0,-1.0,-1.0,98,226,0.1316811,0.23523031,-9.932944
72,6.914288E-4,-0.0062995106,-0.1359539,884.24,Tue May 16 08:57:58 MDT 2017,0.14116502,0.22836171,-9.802976,0.8948275,0.4462043,0.011585109,19.53796,61.81944,13.128,-13.09,94.142,-1.0,-1.0,-1.0,-1.0,-1.0,-1.0,-1.0,-1.0,-1.0,98,226,0.14185645,0.2220622,-9.93893
73,-0.009305611,0.012730718,-0.1354227,884.21,Tue May 16 08:58:00 MDT 2017,0.13978961,0.2320764,-9.802909,0.89451605,0.44682363,0.011609522,19.53796,61.81944,13.128,-13.09,93.801,-1.0,-1.0,-1.0,-1.0,-1.0,-1.0,-1.0,-1.0,-1.0,98,226,0.130484,0.24480712,-9.938332
74,-0.0066296905,-0.0171282,-0.12628078,884.22,Tue May 16 08:58:01 MDT 2017,0.13831079,0.2260223,-9.803072,0.895084,0.4456912,0.011492128,19.53796,61.89613,13.128,-13.09,94.114,-1.0,-1.0,-1.0,-1.0,-1.0,-1.0,-1.0,-1.0,-1.0,98,226,0.1316811,0.2088941,-9.929353
75,0.0055025965,-0.004430905,-0.13385868,884.2,Tue May 16 08:58:03 MDT 2017,0.1297698,0.22230326,-9.803275,0.89917386,0.4373951,0.010910109,19.53796,61.89613,13.128,-13.423,94.418,-1.0,-1.0,-1.0,-1.0,-1.0,-1.0,-1.0,-1.0,-1.0,98,226,0.1352724,0.21787235,-9.937134
76,-0.011915684,0.014412582,-0.13046646,884.23,Tue May 16 08:58:04 MDT 2017,0.13162577,0.22979599,-9.803077,0.89834,0.4390932,0.011187263,19.53796,61.89613,13.128,-13.423,94.418,-1.0,-1.0,-1.0,-1.0,-1.0,-1.0,-1.0,-1.0,-1.0,98,226,0.11971009,0.24420857,-9.933543
77,0.0026390254,0.004811123,-0.14364624,884.22,Tue May 16 08:58:05 MDT 2017,0.13143627,0.23041919,-9.803064,0.8960249,0.4437977,0.011212542,19.53796,61.89613,13.439,-13.423,94.418,-1.0,-1.0,-1.0,-1.0,-1.0,-1.0,-1.0,-1.0,-1.0,98,226,0.1340753,0.23523031,-9.946711
78,-0.0052060187,4.671514E-4,-0.12621498,884.28,Tue May 16 08:58:07 MDT 2017,0.13389435,0.22578491,-9.803138,0.89850986,0.4387489,0.011185931,19.45086,61.89613,13.13,-13.423,94.418,-1.0,-1.0,-1.0,-1.0,-1.0,-1.0,-1.0,-1.0,-1.0,98,226,0.12868834,0.22625206,-9.929353
79,0.006150022,0.002995044,-0.13232708,884.21,Tue May 16 08:58:08 MDT 2017,0.13630497,0.22984107,-9.803012,0.89789057,0.4400079,0.011394464,19.45086,61.89613,13.13,-13.423,94.746,-1.0,-1.0,-1.0,-1.0,-1.0,-1.0,-1.0,-1.0,-1.0,98,226,0.142455,0.23283611,-9.935339
80,-0.0011383444,0.019737914,-0.10881996,884.25,Tue May 16 08:58:09 MDT 2017,0.13820639,0.22147791,-9.803175,0.8985769,0.43861362,0.011286719,19.45086,62.258583,13.13,-13.423,94.445,-1.0,-1.0,-1.0,-1.0,-1.0,-1.0,-1.0,-1.0,-1.0,98,226,0.13706805,0.24121583,-9.911995
81,0.007484928,0.011928111,-0.12260723,884.2,Tue May 16 08:58:11 MDT 2017,0.13497007,0.2244993,-9.803154,0.8986173,0.43853065,0.011175268,19.45086,62.258583,13.13,-13.423,94.445,-1.0,-1.0,-1.0,-1.0,-1.0,-1.0,-1.0,-1.0,-1.0,98,226,0.142455,0.23642741,-9.925761
82,0.0050196946,0.007222101,-0.1207695,884.23,Tue May 16 08:58:12 MDT 2017,0.13563965,0.22202271,-9.803197,0.89880186,0.43815506,0.011172602,19.45086,61.624756,13.43,-13.423,94.445,-1.0,-1.0,-1.0,-1.0,-1.0,-1.0,-1.0,-1.0,-1.0,98,226,0.14065935,0.22924481,-9.923966
83,0.001810357,0.0045949966,-0.139925,884.24,Tue May 16 08:58:13 MDT 2017,0.13765189,0.22105852,-9.803195,0.8963487,0.44314885,0.011352539,19.45086,61.624756,13.43,-13.423,94.445,-1.0,-1.0,-1.0,-1.0,-1.0,-1.0,-1.0,-1.0,-1.0,98,226,0.13946225,0.22565351,-9.94312
84,-0.004154429,0.009082571,-0.13456535,884.22,Tue May 16 08:58:15 MDT 2017,0.13523698,0.22375354,-9.803167,0.89647126,0.4429019,0.011215864,19.45086,61.624756,13.43,-13.423,94.445,-1.0,-1.0,-1.0,-1.0,-1.0,-1.0,-1.0,-1.0,-1.0,98,226,0.13108255,0.23283611,-9.937733
85,-0.0056374967,0.00899671,-0.12973976,884.15,Tue May 16 08:58:16 MDT 2017,0.13432583,0.2226423,-9.803205,0.89645565,0.44293472,0.011177936,19.45086,61.624756,13.43,-13.423,94.75,-1.0,-1.0,-1.0,-1.0,-1.0,-1.0,-1.0,-1.0,-1.0,98,226,0.12868834,0.23163901,-9.932944
86,-0.0073112547,0.009577721,-0.10461426,884.17,Tue May 16 08:58:17 MDT 2017,0.13540104,0.22265984,-9.803191,0.89415145,0.44756725,0.011263591,19.45086,61.624756,13.455,-13.423,94.425,-1.0,-1.0,-1.0,-1.0,-1.0,-1.0,-1.0,-1.0,-1.0,98,226,0.12808979,0.23223756,-9.907805
87,0.0046158433,0.011282489,-0.112586975,884.2,Tue May 16 08:58:19 MDT 2017,0.1360435,0.23053189,-9.8029995,0.89775383,0.44028684,0.011367624,19.369032,61.128555,13.151,-13.423,94.732,-1.0,-1.0,-1.0,-1.0,-1.0,-1.0,-1.0,-1.0,-1.0,98,226,0.14065935,0.24181437,-9.915586
88,5.977452E-4,-0.01729232,-0.14612389,884.2,Tue May 16 08:58:20 MDT 2017,0.13347755,0.23277047,-9.802981,0.8978452,0.44009984,0.011302551,19.369032,61.128555,13.151,-13.423,94.427,-1.0,-1.0,-1.0,-1.0,-1.0,-1.0,-1.0,-1.0,-1.0,98,226,0.1340753,0.21547815,-9.949105
89,-0.0027801394,-0.0023183972,-0.12514877,884.2,Tue May 16 08:58:21 MDT 2017,0.12907428,0.23395741,-9.803007,0.89854646,0.4386668,0.011161927,19.370787,60.7006,13.455,-13.725,94.45,-1.0,-1.0,-1.0,-1.0,-1.0,-1.0,-1.0,-1.0,-1.0,98,226,0.12629414,0.23163901,-9.928156
90,0.010041848,0.01094529,-0.12772655,884.22,Tue May 16 08:58:23 MDT 2017,0.13361025,0.23924878,-9.802824,0.8978989,0.43998137,0.011442098,19.370787,60.7006,13.455,-13.725,94.732,-1.0,-1.0,-1.0,-1.0,-1.0,-1.0,-1.0,-1.0,-1.0,98,226,0.1436521,0.25019407,-9.930551
91,0.015691414,-0.005325526,-0.13021946,884.17,Tue May 16 08:58:24 MDT 2017,0.12855923,0.2459428,-9.802725,0.89989126,0.43588397,0.011368934,19.370787,61.59364,13.127,-13.725,94.416,-1.0,-1.0,-1.0,-1.0,-1.0,-1.0,-1.0,-1.0,-1.0,98,226,0.14425065,0.24061728,-9.932944
92,0.009301215,0.00270544,-0.11389351,884.18,Tue May 16 08:58:26 MDT 2017,0.12417553,0.24150313,-9.80289,0.9005877,0.43445298,0.011066736,19.370787,61.59364,13.127,-13.725,94.416,-1.0,-1.0,-1.0,-1.0,-1.0,-1.0,-1.0,-1.0,-1.0,98,226,0.13347675,0.24420857,-9.916783
93,0.016355455,-0.0041750222,-0.14016819,884.22,Tue May 16 08:58:27 MDT 2017,0.1302894,0.23581403,-9.802952,0.89852256,0.43871325,0.011244392,19.508066,61.241985,13.435,-13.725,94.416,-1.0,-1.0,-1.0,-1.0,-1.0,-1.0,-1.0,-1.0,-1.0,98,226,0.14664486,0.23163901,-9.94312
94,0.003773287,-0.005499512,-0.15527058,884.16,Tue May 16 08:58:28 MDT 2017,0.13030201,0.24132837,-9.802813,0.90019906,0.43525413,0.011331518,19.508066,61.241985,13.133,-13.725,94.416,-1.0,-1.0,-1.0,-1.0,-1.0,-1.0,-1.0,-1.0,-1.0,98,226,0.1340753,0.23582886,-9.958083
95,0.0066404343,-0.012431458,-0.1264925,884.21,Tue May 16 08:58:30 MDT 2017,0.12863196,0.24047917,-9.80286,0.9003109,0.43502587,0.011236438,19.508066,60.771736,13.133,-13.725,94.72,-1.0,-1.0,-1.0,-1.0,-1.0,-1.0,-1.0,-1.0,-1.0,98,226,0.1352724,0.22804771,-9.929353
96,0.023960829,-0.012325361,-0.14074421,884.13,Tue May 16 08:58:31 MDT 2017,0.12866953,0.23558468,-9.802974,0.90059924,0.43443444,0.0111479005,19.508066,60.771736,13.133,-13.725,95.045,-1.0,-1.0,-1.0,-1.0,-1.0,-1.0,-1.0,-1.0,-1.0,98,226,0.15263036,0.22325931,-9.943718
97,0.007960603,0.0041645616,-0.14917183,884.14,Tue May 16 08:58:33 MDT 2017,0.13928281,0.2316643,-9.802926,0.90017176,0.43531656,0.011545167,19.455624,60.771736,13.133,-13.725,95.079,-1.0,-1.0,-1.0,-1.0,-1.0,-1.0,-1.0,-1.0,-1.0,98,226,0.14724341,0.23582886,-9.952098
98,0.015212119,-0.0055328608,-0.13170338,884.2,Tue May 16 08:58:34 MDT 2017,0.13322839,0.23058783,-9.803037,0.9007391,0.4341486,0.011234448,19.455624,60.771736,13.133,-13.725,95.059,-1.0,-1.0,-1.0,-1.0,-1.0,-1.0,-1.0,-1.0,-1.0,98,226,0.14844051,0.22505496,-9.93474
99,0.014429837,-0.01927486,-0.13661194,884.22,Tue May 16 08:58:35 MDT 2017,0.13460922,0.23475301,-9.802917,0.90027577,0.43510002,0.011412758,19.455624,60.43362,13.133,-13.725,94.746,-1.0,-1.0,-1.0,-1.0,-1.0,-1.0,-1.0,-1.0,-1.0,98,226,0.14903906,0.21547815,-9.939528
100,-0.0013213456,0.009120598,-0.12269974,884.24,Tue May 16 08:58:37 MDT 2017,0.13300245,0.22970103,-9.8030615,0.9009046,0.4338055,0.011211878,19.455624,60.43362,13.131,-13.725,94.746,-1.0,-1.0,-1.0,-1.0,-1.0,-1.0,-1.0,-1.0,-1.0,98,226,0.1316811,0.23882163,-9.925761
101,0.003826514,-0.006118223,-0.13892365,884.19,Tue May 16 08:58:38 MDT 2017,0.13503718,0.23117319,-9.802999,0.90054625,0.43454382,0.011363691,19.455624,60.43362,13.131,-13.725,94.752,-1.0,-1.0,-1.0,-1.0,-1.0,-1.0,-1.0,-1.0,-1.0,98,226,0.1388637,0.22505496,-9.941922
102,0.016757429,8.8332593E-4,-0.13289356,884.22,Tue May 16 08:58:40 MDT 2017,0.13347873,0.23015714,-9.803043,0.9009079,0.43379888,0.011213871,19.455624,60.43362,13.131,-13.725,94.731,-1.0,-1.0,-1.0,-1.0,-1.0,-1.0,-1.0,-1.0,-1.0,98,226,0.15023616,0.23104046,-9.935937
103,-0.0042728335,0.008268043,-0.1396141,884.2,Tue May 16 08:58:41 MDT 2017,0.14134088,0.23115213,-9.802907,0.9028115,0.42981496,0.011576102,19.455624,60.908554,12.797,-13.725,94.412,-1.0,-1.0,-1.0,-1.0,-1.0,-1.0,-1.0,-1.0,-1.0,98,226,0.13706805,0.23942018,-9.942521
104,6.1406195E-4,0.0041730255,-0.12985897,884.22,Tue May 16 08:58:43 MDT 2017,0.13585544,0.22686744,-9.803085,0.9012563,0.43307653,0.011247705,19.455624,60.908554,13.098,-13.725,94.699,-1.0,-1.0,-1.0,-1.0,-1.0,-1.0,-1.0,-1.0,-1.0,98,226,0.1364695,0.23104046,-9.932944
105,0.016313568,0.010745525,-0.1425314,884.18,Tue May 16 08:58:44 MDT 2017,0.13930954,0.2292732,-9.802982,0.90079194,0.43403545,0.011464866,19.455624,62.537983,13.098,-13.725,94.699,-1.0,-1.0,-1.0,-1.0,-1.0,-1.0,-1.0,-1.0,-1.0,98,226,0.15562311,0.24001873,-9.945514
106,0.0042121112,-0.0016526133,-0.13908577,884.22,Tue May 16 08:58:45 MDT 2017,0.13884144,0.23568583,-9.802836,0.9002851,0.4350776,0.011592824,19.455624,62.537983,13.098,-13.725,94.967,-1.0,-1.0,-1.0,-1.0,-1.0,-1.0,-1.0,-1.0,-1.0,98,226,0.14305355,0.23403321,-9.941922
107,0.0111848265,-0.015268549,-0.14462471,884.21,Tue May 16 08:58:47 MDT 2017,0.13725568,0.24271771,-9.802685,0.9020686,0.43135872,0.011656916,19.455624,62.537983,12.786,-13.725,94.657,-1.0,-1.0,-1.0,-1.0,-1.0,-1.0,-1.0,-1.0,-1.0,98,226,0.14844051,0.22744916,-9.9473095
108,0.0010068864,-0.018649861,-0.14888191,884.26,Tue May 16 08:58:48 MDT 2017,0.13606116,0.24609903,-9.802617,0.9015585,0.43241736,0.011734634,19.455624,62.537983,12.786,-13.725,94.999,-1.0,-1.0,-1.0,-1.0,-1.0,-1.0,-1.0,-1.0,-1.0,98,226,0.13706805,0.22744916,-9.951499
109,0.0052207857,-0.014620066,-0.13794422,884.22,Tue May 16 08:58:50 MDT 2017,0.12705886,0.24446343,-9.802781,0.90029424,0.43505484,0.01127483,19.41419,61.93086,13.088,-13.725,95.005,-1.0,-1.0,-1.0,-1.0,-1.0,-1.0,-1.0,-1.0,-1.0,98,226,0.13227965,0.22984336,-9.940725
110,0.027916022,-0.009715259,-0.1466484,884.25,Tue May 16 08:58:51 MDT 2017,0.11932739,0.23716442,-9.803056,0.90398,0.42736074,0.010676792,19.41419,61.93086,12.77,-13.725,94.679,-1.0,-1.0,-1.0,-1.0,-1.0,-1.0,-1.0,-1.0,-1.0,98,226,0.14724341,0.22744916,-9.949704
111,0.020830303,-6.8743527E-4,-0.13944149,884.27,Tue May 16 08:58:53 MDT 2017,0.1276102,0.2317279,-9.80308,0.90382975,0.42767966,0.01093671,19.41419,61.93086,12.77,-13.725,94.725,-1.0,-1.0,-1.0,-1.0,-1.0,-1.0,-1.0,-1.0,-1.0,98,226,0.14844051,0.23104046,-9.942521
112,0.005014479,-0.0108177215,-0.12761593,884.26,Tue May 16 08:58:54 MDT 2017,0.13863762,0.23168282,-9.802935,0.9031251,0.42915785,0.011414064,19.41419,61.93086,12.77,-13.725,94.708,-1.0,-1.0,-1.0,-1.0,-1.0,-1.0,-1.0,-1.0,-1.0,98,228,0.1436521,0.2208651,-9.930551
113,-0.009845614,-0.0080905855,-0.13188744,884.25,Tue May 16 08:58:56 MDT 2017,0.14930786,0.22835714,-9.802853,0.90244764,0.43057463,0.011895437,19.526535,63.96371,12.77,-13.725,95.063,-1.0,-1.0,-1.0,-1.0,-1.0,-1.0,-1.0,-1.0,-1.0,98,228,0.13946225,0.22026655,-9.93474
114,-0.011483759,4.566908E-4,-0.14562416,884.24,Tue May 16 08:58:57 MDT 2017,0.14675616,0.22878812,-9.802882,0.8999232,0.43582854,0.011814994,19.526535,63.96371,12.77,-13.421,94.7,-1.0,-1.0,-1.0,-1.0,-1.0,-1.0,-1.0,-1.0,-1.0,98,228,0.1352724,0.22924481,-9.948506
115,-0.0032562912,0.020128936,-0.13044357,884.23,Tue May 16 08:58:58 MDT 2017,0.14391564,0.22108689,-9.8031,0.8987049,0.43834928,0.011490182,19.339586,64.262825,13.072,-13.421,94.696,-1.0,-1.0,-1.0,-1.0,-1.0,-1.0,-1.0,-1.0,-1.0,98,228,0.14065935,0.24121583,-9.933543
116,-0.010342598,-0.0051976144,-0.14067745,884.22,Tue May 16 08:59:00 MDT 2017,0.14022803,0.22606272,-9.8030405,0.898427,0.4389132,0.011487588,19.339586,64.262825,13.072,-13.421,94.395,-1.0,-1.0,-1.0,-1.0,-1.0,-1.0,-1.0,-1.0,-1.0,98,228,0.12988544,0.2208651,-9.943718
117,-8.839816E-4,0.012962252,-0.117910385,884.28,Tue May 16 08:59:01 MDT 2017,0.13795203,0.22645792,-9.803062,0.9007595,0.4341072,0.011335462,19.373337,62.828217,12.767,-13.421,94.696,-1.0,-1.0,-1.0,-1.0,-1.0,-1.0,-1.0,-1.0,-1.0,98,228,0.13706805,0.23942018,-9.920973
118,0.006274298,0.0053643435,-0.12821484,884.27,Tue May 16 08:59:03 MDT 2017,0.13558215,0.23345728,-9.802934,0.89825004,0.4392681,0.011466815,19.373337,62.828217,13.069,-13.421,94.668,-1.0,-1.0,-1.0,-1.0,-1.0,-1.0,-1.0,-1.0,-1.0,98,228,0.14185645,0.23882163,-9.931149
119,1.4844537E-4,-0.007817432,-0.13387871,884.23,Tue May 16 08:59:04 MDT 2017,0.14470075,0.23945644,-9.802657,0.899002,0.43771186,0.011972229,19.537243,61.814682,13.066,-13.421,94.976,-1.0,-1.0,-1.0,-1.0,-1.0,-1.0,-1.0,-1.0,-1.0,98,228,0.1448492,0.23163901,-9.936536
120,0.011469245,-0.0049797297,-0.15070724,884.25,Tue May 16 08:59:06 MDT 2017,0.14235821,0.24380136,-9.8025875,0.8966972,0.44241026,0.012014473,19.537243,61.814682,13.061,-13.421,94.964,-1.0,-1.0,-1.0,-1.0,-1.0,-1.0,-1.0,-1.0,-1.0,98,228,0.15382746,0.23882163,-9.953295
121,0.0035081357,0.0015769005,-0.13979149,884.2,Tue May 16 08:59:07 MDT 2017,0.14253817,0.23784328,-9.80273,0.89715785,0.44148442,0.011857797,19.537243,63.30604,13.061,-13.421,94.987,-1.0,-1.0,-1.0,-1.0,-1.0,-1.0,-1.0,-1.0,-1.0,98,228,0.14604631,0.23942018,-9.942521
122,-0.009214461,0.008460462,-0.13557625,884.25,Tue May 16 08:59:09 MDT 2017,0.14628251,0.23455101,-9.802755,0.8971233,0.44155514,0.011982804,19.537243,63.30604,13.061,-13.421,94.985,-1.0,-1.0,-1.0,-1.0,-1.0,-1.0,-1.0,-1.0,-1.0,98,228,0.13706805,0.24301147,-9.938332
123,0.007947892,-0.0011829436,-0.1251316,884.25,Tue May 16 08:59:10 MDT 2017,0.14408392,0.22444226,-9.803024,0.8982287,0.43931752,0.011617862,19.537243,63.151577,13.061,-13.421,94.975,-1.0,-1.0,-1.0,-1.0,-1.0,-1.0,-1.0,-1.0,-1.0,98,228,0.15203181,0.22325931,-9.928156
124,-0.004900232,-0.0016273856,-0.11974239,884.23,Tue May 16 08:59:12 MDT 2017,0.14496103,0.22368959,-9.803026,0.8984546,0.4388576,0.011603103,19.537243,63.151577,13.061,-13.421,94.657,-1.0,-1.0,-1.0,-1.0,-1.0,-1.0,-1.0,-1.0,-1.0,98,228,0.1400608,0.2220622,-9.922769
125,-0.0068323463,0.004273802,-0.12792397,884.2,Tue May 16 08:59:13 MDT 2017,0.1486888,0.21240145,-9.803225,0.89899105,0.43776697,0.01157932,19.500538,62.3964,13.061,-13.421,94.961,-1.0,-1.0,-1.0,-1.0,-1.0,-1.0,-1.0,-1.0,-1.0,98,228,0.14185645,0.21667525,-9.931149
126,-0.0024771988,0.009246767,-0.14374542,884.26,Tue May 16 08:59:15 MDT 2017,0.14553075,0.22598355,-9.802965,0.89790905,0.43996817,0.011718114,19.500538,62.3964,13.093,-13.421,94.645,-1.0,-1.0,-1.0,-1.0,-1.0,-1.0,-1.0,-1.0,-1.0,98,228,0.14305355,0.23523031,-9.946711
127,-0.012413889,0.017677173,-0.14220619,884.24,Tue May 16 08:59:16 MDT 2017,0.15067904,0.233714,-9.80271,0.89675164,0.4423071,0.01214523,19.444971,62.30853,13.087,-13.421,94.958,-1.0,-1.0,-1.0,-1.0,-1.0,-1.0,-1.0,-1.0,-1.0,98,228,0.13826515,0.25139117,-9.944916
128,-0.0039897114,-0.0029708594,-0.13680935,884.22,Tue May 16 08:59:18 MDT 2017,0.15602152,0.22982147,-9.802719,0.89672697,0.442358,0.012303694,19.444971,62.30853,13.087,-13.421,94.967,-1.0,-1.0,-1.0,-1.0,-1.0,-1.0,-1.0,-1.0,-1.0,98,228,0.15203181,0.22685061,-9.939528
129,0.0044459105,0.011654004,-0.14988613,884.21,Tue May 16 08:59:19 MDT 2017,0.14938155,0.23016037,-9.802811,0.8971398,0.4415239,0.012047913,19.444971,62.30853,13.087,-13.421,94.708,-1.0,-1.0,-1.0,-1.0,-1.0,-1.0,-1.0,-1.0,-1.0,98,228,0.15382746,0.24181437,-9.952697
130,-0.0030902773,0.01346831,-0.14325142,884.29,Tue May 16 08:59:21 MDT 2017,0.15153079,0.22655042,-9.802861,0.89745635,0.44088468,0.012002063,19.444971,62.30853,13.087,-13.421,94.714,-1.0,-1.0,-1.0,-1.0,-1.0,-1.0,-1.0,-1.0,-1.0,98,228,0.14844051,0.24001873,-9.946113
131,0.0034841597,0.020371124,-0.15630531,884.33,Tue May 16 08:59:22 MDT 2017,0.1491462,0.2232389,-9.802976,0.897885,0.44001698,0.0118540265,19.444971,62.744503,13.087,-13.421,94.674,-1.0,-1.0,-1.0,-1.0,-1.0,-1.0,-1.0,-1.0,-1.0,98,228,0.15263036,0.24361002,-9.959281
132,0.006153956,0.006756082,-0.14321995,884.19,Tue May 16 08:59:24 MDT 2017,0.1464764,0.22847423,-9.802893,0.8975972,0.44059932,0.0118420785,19.444971,62.744503,13.087,-13.421,94.674,-1.0,-1.0,-1.0,-1.0,-1.0,-1.0,-1.0,-1.0,-1.0,98,229,0.15263036,0.23523031,-9.946113
133,-3.439337E-4,0.0056829304,-0.13571358,884.25,Tue May 16 08:59:25 MDT 2017,0.13202503,0.22356188,-9.803216,0.90187794,0.4317876,0.011009362,19.444971,62.744503,13.087,-13.726,94.686,-1.0,-1.0,-1.0,-1.0,-1.0,-1.0,-1.0,-1.0,-1.0,98,229,0.1316811,0.22924481,-9.93893
134,0.009213328,0.023019746,-0.13750744,884.24,Tue May 16 08:59:27 MDT 2017,0.13384022,0.22238593,-9.803218,0.9017891,0.43197432,0.011037748,19.444971,62.630833,13.093,-13.726,95.001,-1.0,-1.0,-1.0,-1.0,-1.0,-1.0,-1.0,-1.0,-1.0,98,229,0.14305355,0.24540567,-9.940725
135,0.0077385306,0.007418126,-0.13509655,884.24,Tue May 16 08:59:28 MDT 2017,0.13232227,0.22242524,-9.803235,0.9019873,0.4315613,0.010951007,19.444971,62.630833,13.093,-13.726,94.699,-1.0,-1.0,-1.0,-1.0,-1.0,-1.0,-1.0,-1.0,-1.0,98,229,0.1400608,0.22984336,-9.938332
136,-0.38020536,0.4339066,-0.17510891,884.19,Tue May 16 08:59:30 MDT 2017,0.05938234,0.24844088,-9.803326,0.9444442,0.3284137,0.0070007085,19.444971,61.51267,5.545,-10.484,139.431,-1.0,-1.0,-1.0,-1.0,-1.0,-1.0,-1.0,-1.0,-1.0,98,229,-0.320823,0.6823475,-9.978435
137,0.030451119,0.022593379,-0.1521225,884.14,Tue May 16 08:59:31 MDT 2017,0.12038359,0.24017027,-9.802968,-0.1463125,-0.98914367,-0.012996333,19.444971,61.51267,-1.327,-0.917,151.673,-1.0,-1.0,-1.0,-1.0,-1.0,-1.0,-1.0,-1.0,-1.0,98,229,0.15083471,0.26276365,-9.9550905
138,-0.10319047,0.009166896,-0.14719677,884.23,Tue May 16 08:59:33 MDT 2017,0.13371654,0.2518011,-9.802507,-0.123999886,-0.99217534,-0.013622194,23.204748,61.51267,-1.64,-1.556,151.045,-1.0,-1.0,-1.0,-1.0,-1.0,-1.0,-1.0,-1.0,-1.0,98,229,0.030526072,0.260968,-9.949704
139,0.1984388,-0.56342244,0.23147297,884.2,Tue May 16 08:59:34 MDT 2017,0.03559442,0.117502354,-9.805885,0.98996824,0.14115356,0.0025576572,23.204748,61.51267,1.429,-7.702,138.932,-1.0,-1.0,-1.0,-1.0,-1.0,-1.0,-1.0,-1.0,-1.0,98,229,0.23403321,-0.44592008,-9.574412
140,-0.57504064,0.10336122,-0.17414856,884.26,Tue May 16 08:59:36 MDT 2017,0.11355826,0.1474314,-9.804884,0.9847839,0.17352225,0.0069053397,25.08355,63.2499,4.637,-11.439,122.811,-1.0,-1.0,-1.0,-1.0,-1.0,-1.0,-1.0,-1.0,-1.0,98,229,-0.46148238,0.25079262,-9.9790325
141,0.07178635,0.03200631,-0.15598965,884.21,Tue May 16 08:59:37 MDT 2017,0.10239182,0.17868344,-9.804488,0.94381416,0.33030877,0.007968303,25.08355,63.2499,11.019,-16.447,83.676,-1.0,-1.0,-1.0,-1.0,-1.0,-1.0,-1.0,-1.0,-1.0,98,229,0.17417817,0.21068975,-9.960478
142,0.05480224,-0.023949802,-0.16513252,884.23,Tue May 16 08:59:39 MDT 2017,0.12655854,0.23044969,-9.803126,0.93994963,0.3410506,0.010072095,25.351524,61.233833,11.019,-16.447,83.688,-1.0,-1.0,-1.0,-1.0,-1.0,-1.0,-1.0,-1.0,-1.0,98,229,0.18136078,0.20649989,-9.968259
143,0.027511016,-0.029725134,-0.14361095,884.18,Tue May 16 08:59:41 MDT 2017,0.16582078,0.23203517,-9.802502,0.9376276,0.34733796,0.012018193,25.351524,61.233833,11.019,-16.447,83.395,-1.0,-1.0,-1.0,-1.0,-1.0,-1.0,-1.0,-1.0,-1.0,98,229,0.1933318,0.20231004,-9.946113
144,0.009840086,-0.023557216,-0.1456232,884.2,Tue May 16 08:59:42 MDT 2017,0.17211924,0.23664117,-9.802285,0.93906564,0.34341383,0.012394796,24.937973,58.49418,10.719,-16.447,83.395,-1.0,-1.0,-1.0,-1.0,-1.0,-1.0,-1.0,-1.0,-1.0,98,229,0.18195933,0.21308395,-9.947908
145,0.017478496,-0.011754662,-0.15568161,884.25,Tue May 16 08:59:44 MDT 2017,0.18602864,0.24578787,-9.801804,0.9356169,0.35266805,0.01327034,24.937973,58.49418,11.021,-16.447,83.735,-1.0,-1.0,-1.0,-1.0,-1.0,-1.0,-1.0,-1.0,-1.0,98,229,0.20350714,0.23403321,-9.957485
146,-0.012968406,-0.042261302,-0.14256954,884.19,Tue May 16 08:59:45 MDT 2017,0.19373064,0.24217714,-9.801747,0.9359315,0.35182968,0.013550354,24.398333,55.94392,11.01,-16.447,83.422,-1.0,-1.0,-1.0,-1.0,-1.0,-1.0,-1.0,-1.0,-1.0,98,229,0.18076223,0.19991584,-9.944317
147,-0.007696897,-0.032633036,-0.15023041,884.24,Tue May 16 08:59:47 MDT 2017,0.19145188,0.23913293,-9.8018675,0.93777734,0.34688517,0.013386612,24.398333,55.94392,10.704,-16.447,83.767,-1.0,-1.0,-1.0,-1.0,-1.0,-1.0,-1.0,-1.0,-1.0,98,229,0.18375498,0.20649989,-9.952098
148,3.4493208E-4,-0.01598546,-0.13000584,884.18,Tue May 16 08:59:48 MDT 2017,0.18580425,0.22368246,-9.80234,0.9410723,0.33788025,0.012780709,23.443762,55.94392,10.392,-16.447,83.735,-1.0,-1.0,-1.0,-1.0,-1.0,-1.0,-1.0,-1.0,-1.0,98,229,0.18614918,0.207697,-9.932345
149,0.011709958,0.0072576404,-0.16138554,884.19,Tue May 16 08:59:50 MDT 2017,0.18281893,0.21061471,-9.802684,0.9397711,0.34150812,0.012428412,22.908186,55.6499,10.7,-16.447,83.746,-1.0,-1.0,-1.0,-1.0,-1.0,-1.0,-1.0,-1.0,-1.0,98,229,0.1945289,0.21787235,-9.964069
150,-0.0033375323,0.013353094,-0.16862106,884.19,Tue May 16 08:59:51 MDT 2017,0.18649396,0.20990622,-9.80263,0.9396171,0.34192854,0.01258864,22.908186,55.6499,10.7,-16.447,83.761,-1.0,-1.0,-1.0,-1.0,-1.0,-1.0,-1.0,-1.0,-1.0,98,229,0.18315643,0.22325931,-9.9712515
151,0.017788798,0.0063166767,-0.15654945,884.23,Tue May 16 08:59:53 MDT 2017,0.18212704,0.20916148,-9.8027315,0.9398946,0.34117183,0.012373137,22.488699,55.6499,10.7,-16.447,83.775,-1.0,-1.0,-1.0,-1.0,-1.0,-1.0,-1.0,-1.0,-1.0,98,229,0.19991584,0.21547815,-9.959281
152,0.0069021136,0.009754285,-0.15841675,884.23,Tue May 16 08:59:55 MDT 2017,0.18822533,0.20692097,-9.802659,0.9397277,0.3416263,0.012618788,22.488699,55.6499,10.7,-16.447,83.471,-1.0,-1.0,-1.0,-1.0,-1.0,-1.0,-1.0,-1.0,-1.0,97,238,0.19512744,0.21667525,-9.961076
153,0.0042946935,0.01897274,-0.14440155,884.16,Tue May 16 08:59:56 MDT 2017,0.18604434,0.19710396,-9.802908,0.93815523,0.34594008,0.012367717,22.036987,55.6499,11.015,-16.447,83.773,-1.0,-1.0,-1.0,-1.0,-1.0,-1.0,-1.0,-1.0,-1.0,97,238,0.19033903,0.2160767,-9.9473095
154,0.001630485,-0.0023326725,-0.14999104,884.25,Tue May 16 08:59:58 MDT 2017,0.1857158,0.20703691,-9.802706,0.93985134,0.3412898,0.012482846,22.036987,55.6499,10.704,-16.447,83.464,-1.0,-1.0,-1.0,-1.0,-1.0,-1.0,-1.0,-1.0,-1.0,97,238,0.18734628,0.20470424,-9.952697
155,-0.0068571866,0.007817924,-0.1332159,884.22,Tue May 16 08:59:59 MDT 2017,0.18821797,0.20406893,-9.802721,0.93771666,0.3471137,0.012601063,21.3575,57.013817,11.012,-16.447,83.773,-1.0,-1.0,-1.0,-1.0,-1.0,-1.0,-1.0,-1.0,-1.0,97,238,0.18136078,0.21188685,-9.935937
156,0.0018159002,0.009635925,-0.15539742,884.19,Tue May 16 09:00:01 MDT 2017,0.19271299,0.20165238,-9.802686,0.9419802,0.33536673,0.012717594,21.3575,57.013817,10.078,-16.108,83.773,-1.0,-1.0,-1.0,-1.0,-1.0,-1.0,-1.0,-1.0,-1.0,97,238,0.1945289,0.2112883,-9.958083
157,0.0053243786,0.010226682,-0.1433258,884.23,Tue May 16 09:00:03 MDT 2017,0.18860596,0.20046307,-9.802787,0.94008166,0.34065786,0.01258272,21.3575,56.82397,10.382,-16.108,83.773,-1.0,-1.0,-1.0,-1.0,-1.0,-1.0,-1.0,-1.0,-1.0,97,238,0.19393034,0.21068975,-9.946113
158,-0.0028877258,0.0071599483,-0.14568233,884.26,Tue May 16 09:00:04 MDT 2017,0.18604416,0.2011356,-9.802824,0.9381395,0.34597558,0.012454163,21.3575,56.82397,10.691,-16.108,83.773,-1.0,-1.0,-1.0,-1.0,-1.0,-1.0,-1.0,-1.0,-1.0,97,238,0.18315643,0.20829555,-9.948506
159,0.0037802607,-0.016014889,-0.15379238,884.26,Tue May 16 09:00:06 MDT 2017,0.18655877,0.21593073,-9.802495,0.9394946,0.34225538,0.0126853315,20.99527,57.01205,10.397,-16.108,83.465,-1.0,-1.0,-1.0,-1.0,-1.0,-1.0,-1.0,-1.0,-1.0,97,238,0.19033903,0.19991584,-9.956287
160,2.4713576E-4,-0.0030303448,-0.14328861,884.17,Tue May 16 09:00:07 MDT 2017,0.1841064,0.20294619,-9.802824,0.93817407,0.34588096,0.012394195,20.671995,57.416553,10.697,-16.108,83.465,-1.0,-1.0,-1.0,-1.0,-1.0,-1.0,-1.0,-1.0,-1.0,97,238,0.18435353,0.19991584,-9.946113
161,-4.989952E-4,0.010564432,-0.15886497,884.2,Tue May 16 09:00:09 MDT 2017,0.18305688,0.20431517,-9.80281,0.9403214,0.34000006,0.012312169,20.671995,57.416553,10.394,-16.108,83.465,-1.0,-1.0,-1.0,-1.0,-1.0,-1.0,-1.0,-1.0,-1.0,97,238,0.18255788,0.2148796,-9.961675
162,0.007200986,0.014770612,-0.14516926,884.28,Tue May 16 09:00:10 MDT 2017,0.176554,0.2132771,-9.802739,0.93804884,0.34621614,0.012188096,20.504366,57.815952,10.702,-16.108,83.786,-1.0,-1.0,-1.0,-1.0,-1.0,-1.0,-1.0,-1.0,-1.0,97,238,0.18375498,0.22804771,-9.947908
163,4.826486E-5,0.011542305,-0.15249729,884.18,Tue May 16 09:00:12 MDT 2017,0.18011542,0.21710396,-9.802593,0.9377653,0.34697217,0.012449376,20.504366,57.815952,10.679,-16.108,83.786,-1.0,-1.0,-1.0,-1.0,-1.0,-1.0,-1.0,-1.0,-1.0,97,238,0.18016368,0.22864626,-9.9550905
164,-0.008181691,-0.005265221,-0.16814709,884.22,Tue May 16 09:00:13 MDT 2017,0.18415551,0.21775062,-9.8025055,0.9373859,0.34798896,0.0126729915,20.299093,58.246147,10.693,-16.108,83.786,-1.0,-1.0,-1.0,-1.0,-1.0,-1.0,-1.0,-1.0,-1.0,97,238,0.17597382,0.2124854,-9.970653
165,-0.006070912,-0.033135563,-0.17282295,884.22,Tue May 16 09:00:15 MDT 2017,0.18803024,0.2354456,-9.80202,0.9362744,0.35093385,0.013182463,20.299093,58.246147,10.681,-16.108,84.086,-1.0,-1.0,-1.0,-1.0,-1.0,-1.0,-1.0,-1.0,-1.0,97,238,0.18195933,0.20231004,-9.974843
166,0.0025402158,-0.007893115,-0.14870167,884.2,Tue May 16 09:00:17 MDT 2017,0.18480606,0.23055388,-9.802199,0.9366852,0.34984607,0.012984288,20.288652,58.246147,10.681,-16.108,83.731,-1.0,-1.0,-1.0,-1.0,-1.0,-1.0,-1.0,-1.0,-1.0,97,238,0.18734628,0.22266077,-9.950901
167,-0.6193214,2.4190114,-0.34850216,884.25,Tue May 16 09:00:18 MDT 2017,0.005208661,0.3109772,-9.801716,0.2356469,-0.9717121,-0.0150171295,20.288652,58.246147,-61.431,100.242,116.024,-1.0,-1.0,-1.0,-1.0,-1.0,-1.0,-1.0,-1.0,-1.0,97,238,-0.61411273,2.7299886,-10.150218
168,0.39915514,0.7609742,-0.54181385,884.2,Tue May 16 09:00:20 MDT 2017,7.9380536,-0.7950916,5.703114,0.0019758807,-0.4575377,0.09172112,20.28062,59.11334,-118.69,119.961,-107.095,-1.0,-1.0,-1.0,-1.0,-1.0,-1.0,-1.0,-1.0,-1.0,97,238,8.337209,-0.034117375,5.1613
169,-0.13412666,1.1003876,0.6592543,884.22,Tue May 16 09:00:22 MDT 2017,9.16745,-1.1015847,3.3037481,0.044001058,-0.56160074,0.16346878,18.943647,70.21321,-164.279,92.872,-42.121,-1.0,-1.0,-1.0,-1.0,-1.0,-1.0,-1.0,-1.0,-1.0,97,238,9.033323,-0.0011971008,3.9630024
170,0.5113139,0.97856164,-0.19126797,884.21,Tue May 16 09:00:23 MDT 2017,-0.3096024,-0.74512696,-9.773399,-0.9432696,0.32946268,0.002293493,18.943647,70.21321,-1.007,4.31,155.378,-1.0,-1.0,-1.0,-1.0,-1.0,-1.0,-1.0,-1.0,-1.0,97,238,0.20171149,0.23343466,-9.964667
171,0.34551454,0.7035874,-0.15357018,884.15,Tue May 16 09:00:25 MDT 2017,-0.16415375,-0.47553968,-9.793739,-0.91370565,0.405562,-0.002273918,18.943647,82.23944,-0.703,4.008,155.685,-1.0,-1.0,-1.0,-1.0,-1.0,-1.0,-1.0,-1.0,-1.0,97,238,0.18136078,0.22804771,-9.9473095
172,0.22120047,0.37594098,-0.1479187,884.16,Tue May 16 09:00:27 MDT 2017,-0.039241135,-0.15328021,-9.805376,-0.3959736,0.91822565,-0.0064961594,18.943647,82.23944,-1.016,4.008,155.702,-1.0,-1.0,-1.0,-1.0,-1.0,-1.0,-1.0,-1.0,-1.0,97,238,0.18195933,0.22266077,-9.953295
173,0.12978876,0.11461686,-0.18510723,884.2,Tue May 16 09:00:28 MDT 2017,0.04438942,0.11343085,-9.805897,0.0041736625,-0.9999726,-0.0056811897,19.385191,78.68397,-0.715,4.316,155.702,-1.0,-1.0,-1.0,-1.0,-1.0,-1.0,-1.0,-1.0,-1.0,97,238,0.17417817,0.22804771,-9.991004
174,0.050660335,-0.046375915,-0.1810112,884.14,Tue May 16 09:00:30 MDT 2017,0.119926535,0.26963523,-9.802212,-0.06811173,-0.997566,-0.014008865,19.385191,78.68397,-0.724,4.316,155.4,-1.0,-1.0,-1.0,-1.0,-1.0,-1.0,-1.0,-1.0,-1.0,97,238,0.17058687,0.22325931,-9.983223
175,0.011680469,-0.15824242,-0.17200851,884.2,Tue May 16 09:00:32 MDT 2017,0.19003102,0.36414376,-9.798046,-0.084860556,-0.99617344,-0.019284792,19.486177,72.2098,-1.028,4.01,155.096,-1.0,-1.0,-1.0,-1.0,-1.0,-1.0,-1.0,-1.0,-1.0,97,236,0.20171149,0.20590134,-9.970055
176,0.038479447,0.0019273162,-0.263628,884.21,Tue May 16 09:00:33 MDT 2017,0.12791757,0.28777108,-9.801596,0.081562065,-0.99653965,-0.01405718,20.803717,65.393166,-4.432,5.923,157.945,-1.0,-1.0,-1.0,-1.0,-1.0,-1.0,-1.0,-1.0,-1.0,97,236,0.16639702,0.2896984,-10.065224
177,0.016981557,-0.058070675,-0.1612339,884.21,Tue May 16 09:00:35 MDT 2017,0.15839371,0.29150534,-9.80104,0.10512097,-0.9943172,-0.013850544,20.803717,65.393166,-4.713,5.561,157.4,-1.0,-1.0,-1.0,-1.0,-1.0,-1.0,-1.0,-1.0,-1.0,97,236,0.17537527,0.23343466,-9.962274
178,-0.014199391,-0.09625842,-0.17589188,884.17,Tue May 16 09:00:37 MDT 2017,0.17820221,0.32789743,-9.799549,0.084583364,-0.99623483,-0.015888847,22.383705,68.70038,-4.713,5.561,157.701,-1.0,-1.0,-1.0,-1.0,-1.0,-1.0,-1.0,-1.0,-1.0,97,236,0.16400282,0.23163901,-9.975441
179,-0.021562517,-0.09377715,-0.17597008,884.19,Tue May 16 09:00:38 MDT 2017,0.19035374,0.34097847,-9.798873,0.062035743,-0.9978759,-0.016729424,22.383705,68.70038,-4.412,5.561,157.701,-1.0,-1.0,-1.0,-1.0,-1.0,-1.0,-1.0,-1.0,-1.0,97,236,0.16879122,0.24720132,-9.974843
180,-0.014845118,-0.10329898,-0.16336536,884.22,Tue May 16 09:00:40 MDT 2017,0.1938117,0.33793074,-9.798908,0.059279308,-0.9980445,-0.01658989,22.60136,63.92365,-4.412,5.561,157.421,-1.0,-1.0,-1.0,-1.0,-1.0,-1.0,-1.0,-1.0,-1.0,97,236,0.17896658,0.23463176,-9.962274
181,-0.02498129,-0.09424041,-0.17434788,884.19,Tue May 16 09:00:42 MDT 2017,0.20275077,0.32109103,-9.799298,0.06817581,-0.9974855,-0.015612598,22.60136,63.92365,-4.73,5.561,157.423,-1.0,-1.0,-1.0,-1.0,-1.0,-1.0,-1.0,-1.0,-1.0,97,236,0.17776948,0.22685061,-9.973646
182,-0.027958244,-0.046389878,-0.17345905,884.25,Tue May 16 09:00:43 MDT 2017,0.19794656,0.2959854,-9.800187,0.05998014,-0.9980344,-0.014459536,22.60136,61.004555,-4.417,5.561,157.423,-1.0,-1.0,-1.0,-1.0,-1.0,-1.0,-1.0,-1.0,-1.0,97,236,0.16998832,0.24959552,-9.973646
183,0.00142923,-0.045591474,-0.16038704,884.2,Tue May 16 09:00:45 MDT 2017,0.1889098,0.28501165,-9.800689,0.067859784,-0.9975426,-0.013833857,22.06528,59.178516,-4.417,5.561,157.411,-1.0,-1.0,-1.0,-1.0,-1.0,-1.0,-1.0,-1.0,-1.0,97,236,0.19033903,0.23942018,-9.961076
184,-0.017365322,-0.032613695,-0.18338299,884.24,Tue May 16 09:00:47 MDT 2017,0.18914929,0.27263242,-9.801037,0.07131811,-0.9973094,-0.013209565,22.06528,59.178516,-4.431,5.259,157.405,-1.0,-1.0,-1.0,-1.0,-1.0,-1.0,-1.0,-1.0,-1.0,97,236,0.17178397,0.24001873,-9.98442
185,-1.4781952E-5,-0.025243536,-0.17750168,884.2,Tue May 16 09:00:48 MDT 2017,0.18556541,0.25688255,-9.801531,0.092234924,-0.99560636,-0.012152589,21.765308,57.71602,-4.731,5.259,157.409,-1.0,-1.0,-1.0,-1.0,-1.0,-1.0,-1.0,-1.0,-1.0,97,236,0.18555063,0.23163901,-9.9790325
186,0.0122869015,-0.013369858,-0.17459774,884.23,Tue May 16 09:00:50 MDT 2017,0.17505938,0.24441032,-9.802041,0.09904477,-0.9949653,-0.011470713,21.765308,57.71602,-4.718,5.563,157.421,-1.0,-1.0,-1.0,-1.0,-1.0,-1.0,-1.0,-1.0,-1.0,97,236,0.18734628,0.23104046,-9.976639
187,-0.6570134,-2.944854,-0.110762596,884.26,Tue May 16 09:00:52 MDT 2017,0.08120791,0.076001994,-9.806021,0.23094562,-0.9729501,-0.0028102696,21.274416,57.430874,-5.055,12.504,162.994,-1.0,-1.0,-1.0,-1.0,-1.0,-1.0,-1.0,-1.0,-1.0,97,236,-0.5758055,-2.8688521,-9.916783
188,1.9614719,0.42674232,-0.509078,884.27,Tue May 16 09:00:54 MDT 2017,0.87266433,2.2816985,9.49751,0.11656379,-0.04697757,-0.018620824,21.274416,57.26569,-7.464,65.606,-90.431,-1.0,-1.0,-1.0,-1.0,-1.0,-1.0,-1.0,-1.0,-1.0,97,236,2.8341362,2.7084408,8.988432
189,0.692235,0.29029942,-0.7565594,884.28,Tue May 16 09:00:55 MDT 2017,-7.3457217,4.1790767,4.974544,0.1940481,0.45274353,0.09572227,21.274416,57.26569,69.682,50.486,-37.159,-1.0,-1.0,-1.0,-1.0,-1.0,-1.0,-1.0,-1.0,-1.0,97,236,-6.6534867,4.469376,4.2179847
190,-0.5302129,0.48774672,1.0705285,884.27,Tue May 16 09:00:57 MDT 2017,7.3698487,4.0013814,5.083767,0.29527274,-0.3923329,0.13008767,20.775799,59.650738,-47.122,-0.468,-55.783,-1.0,-1.0,-1.0,-1.0,-1.0,-1.0,-1.0,-1.0,-1.0,97,236,6.839636,4.489128,6.1542954
191,1.1778783,0.9824467,-0.5166311,884.13,Tue May 16 09:09:26 MDT 2017,0.7811773,-3.5424469,-9.1110525,-0.9700885,-0.15208618,-0.013142274,23.560774,71.9572,9.498,-23.799,50.221,-1.0,-1.0,-1.0,-1.0,-1.0,-1.0,-1.0,-1.0,-1.0,97,254,1.9590555,-2.5600002,-9.627684
192,0.37011802,0.6964214,-0.20231628,884.15,Tue May 16 09:09:28 MDT 2017,1.0155262,-2.6668494,-9.382272,-0.9711286,-0.18783857,-0.025159221,23.560774,71.9572,11.111,-26.985,49.574,-1.0,-1.0,-1.0,-1.0,-1.0,-1.0,-1.0,-1.0,-1.0,97,254,1.3856442,-1.970428,-9.584588
193,0.16155899,0.7582923,-0.27723598,884.18,Tue May 16 09:09:29 MDT 2017,1.4090374,-2.7532609,-9.306155,-0.96895224,-0.18867375,-0.044094596,24.613613,71.9572,9.837,-27.59,49.574,-1.0,-1.0,-1.0,-1.0,-1.0,-1.0,-1.0,-1.0,-1.0,97,254,1.5705963,-1.9949685,-9.583391
194,0.046117306,0.852545,-0.29559708,884.18,Tue May 16 09:09:31 MDT 2017,1.5957065,-2.6966789,-9.2925825,-0.96692747,-0.19710855,-0.052615844,25.818256,76.07578,9.536,-27.899,49.888,-1.0,-1.0,-1.0,-1.0,-1.0,-1.0,-1.0,-1.0,-1.0,97,254,1.6418238,-1.8441339,-9.58818
195,-0.22538292,0.86324906,-0.3381462,884.21,Tue May 16 09:09:33 MDT 2017,1.7421097,-2.5810888,-9.299114,-0.96634424,-0.2009291,-0.061026,25.818256,76.07578,9.541,-28.504,49.572,-1.0,-1.0,-1.0,-1.0,-1.0,-1.0,-1.0,-1.0,-1.0,97,254,1.5167267,-1.7178397,-9.63726
196,-0.33274674,0.716738,-0.35463715,884.2,Tue May 16 09:09:35 MDT 2017,1.8045822,-2.4082415,-9.3335,-0.96647495,-0.2046829,-0.065307274,26.544628,77.00627,9.535,-29.129,49.572,-1.0,-1.0,-1.0,-1.0,-1.0,-1.0,-1.0,-1.0,-1.0,97,254,1.4718355,-1.6915035,-9.688137
197,-0.27971995,0.5469514,-0.2740898,884.2,Tue May 16 09:09:36 MDT 2017,1.8820394,-2.1785998,-9.374543,-0.966593,-0.20903008,-0.07089575,26.544628,77.00627,9.245,-29.434,49.572,-1.0,-1.0,-1.0,-1.0,-1.0,-1.0,-1.0,-1.0,-1.0,97,254,1.6023195,-1.6316484,-9.648633
198,-0.229967,0.39602482,-0.21513939,884.19,Tue May 16 09:09:38 MDT 2017,1.932843,-1.9678183,-9.4107485,-0.9668389,-0.21225198,-0.075439945,27.28823,77.00627,8.927,-29.739,49.894,-1.0,-1.0,-1.0,-1.0,-1.0,-1.0,-1.0,-1.0,-1.0,97,254,1.702876,-1.5717934,-9.625888
199,0.09681475,0.6415684,0.5591984,884.2,Tue May 16 09:09:40 MDT 2017,1.871219,-1.8650055,-9.444081,-0.9678264,-0.21172173,-0.07356729,27.813887,75.57622,8.898,-29.753,49.909,-1.0,-1.0,-1.0,-1.0,-1.0,-1.0,-1.0,-1.0,-1.0,97,254,1.9680338,-1.2234371,-8.884883
200,-0.19430852,0.1728363,-0.24738026,884.18,Tue May 16 09:09:42 MDT 2017,1.8097961,-1.7147022,-9.484451,-0.9693979,-0.20940389,-0.0724557,27.813887,75.57622,8.575,-29.753,49.909,-1.0,-1.0,-1.0,-1.0,-1.0,-1.0,-1.0,-1.0,-1.0,97,273,1.6154876,-1.541866,-9.731832
