n,a_x,a_y,a_z,p,time
0,-0.06459111,0.42292047,0.25480652,895.911,Wed Nov 09 15:35:52 MST 2016
1,0.34704292,-0.10053778,1.1750174,895.93695,Wed Nov 09 15:35:53 MST 2016
2,-0.17566258,-0.77115285,3.0234795,895.9179,Wed Nov 09 15:35:54 MST 2016
3,-0.7904835,0.54820704,-0.6365175,895.94006,Wed Nov 09 15:35:55 MST 2016
4,-0.9676857,-0.27300483,0.32560444,895.9916,Wed Nov 09 15:35:59 MST 2016
5,1.0101142,0.17959613,-0.93955994,895.9943,Wed Nov 09 15:36:00 MST 2016
6,-7.779127,-4.365752,2.7892196,895.9775,Wed Nov 09 15:36:01 MST 2016
7,-4.598543,3.415553,4.489465,896.00543,Wed Nov 09 15:36:02 MST 2016
8,-6.8690085,2.1045084,-5.537716,895.98505,Wed Nov 09 15:36:03 MST 2016
9,-1.2251611,1.8725214,-0.68577945,895.9968,Wed Nov 09 15:36:04 MST 2016
10,0.2998495,0.4604845,-3.6636217,896.0436,Wed Nov 09 15:36:05 MST 2016
11,1.4954529,1.6341147,0.9146955,896.06067,Wed Nov 09 15:36:06 MST 2016
12,2.6352687,2.3483505,-2.597149,896.0624,Wed Nov 09 15:36:07 MST 2016
13,-3.0853038,0.43302727,-0.8235967,896.0823,Wed Nov 09 15:36:08 MST 2016
14,0.6306019,-2.4942741,-4.4514084,896.0895,Wed Nov 09 15:36:09 MST 2016
15,-0.5682068,2.7024403,-0.54202795,896.08673,Wed Nov 09 15:36:10 MST 2016
16,2.907711,-5.1647034,0.1985473,896.0751,Wed Nov 09 15:36:11 MST 2016
17,-2.466744,-1.2077847,-0.113667965,896.1119,Wed Nov 09 15:36:12 MST 2016
18,5.2487054,-0.64925003,2.2859342,896.109,Wed Nov 09 15:36:13 MST 2016
19,4.5854177,-1.3286023,-3.5287323,896.1227,Wed Nov 09 15:36:14 MST 2016
20,-5.9116096,-5.5506177,-10.156467,896.1325,Wed Nov 09 15:36:15 MST 2016
21,-2.75427,4.3894386,3.3682332,896.12634,Wed Nov 09 15:36:16 MST 2016
22,5.605771,1.3741207,0.18570364,896.12933,Wed Nov 09 15:36:17 MST 2016
23,4.639636,2.218668,4.0240536,896.1258,Wed Nov 09 15:36:18 MST 2016
24,7.5957556,0.25236225,2.443069,896.1441,Wed Nov 09 15:36:19 MST 2016
25,3.33741,1.5230665,1.6546891,896.1369,Wed Nov 09 15:36:21 MST 2016
26,4.266279,0.44240522,1.1163259,896.1516,Wed Nov 09 15:36:22 MST 2016
27,3.689869,-0.62269497,1.0186396,896.1598,Wed Nov 09 15:36:23 MST 2016
28,8.486474,-1.47716,1.5322723,896.177,Wed Nov 09 15:36:24 MST 2016
29,2.5429296,-2.8220007,-1.6569741,896.1671,Wed Nov 09 15:36:25 MST 2016
30,0.34270668,-1.700737,0.7504144,896.1512,Wed Nov 09 15:36:26 MST 2016
31,-1.2446427,-0.7594881,-1.7307458,896.1082,Wed Nov 09 15:36:27 MST 2016
32,1.4621425,-2.7050805,-1.5885973,896.1114,Wed Nov 09 15:36:28 MST 2016
33,1.3134973,-0.627095,-1.8916702,896.1277,Wed Nov 09 15:36:29 MST 2016
34,-0.37817097,0.45217276,-1.3616375,896.1138,Wed Nov 09 15:36:30 MST 2016
35,1.5950365,2.075223,-0.30180246,896.1614,Wed Nov 09 15:36:31 MST 2016
36,1.6659565,0.6327076,-0.10402082,896.1554,Wed Nov 09 15:36:32 MST 2016
37,0.24009562,1.1906471,0.42037624,896.16614,Wed Nov 09 15:36:33 MST 2016
38,0.11800146,1.1280718,0.34587324,896.15405,Wed Nov 09 15:36:34 MST 2016
39,-1.2181892,-0.15033913,-0.66689974,896.14813,Wed Nov 09 15:36:35 MST 2016
40,-2.00519,0.040407658,0.48202753,896.18445,Wed Nov 09 15:36:36 MST 2016
41,1.2370062,0.8932915,-0.10524368,896.20526,Wed Nov 09 15:36:37 MST 2016
42,3.6870332,-0.41870165,-1.891635,896.1934,Wed Nov 09 15:36:38 MST 2016
43,-0.9550376,-1.9063646,1.676281,896.1666,Wed Nov 09 15:36:39 MST 2016
44,0.48916292,0.500463,-2.6168776,896.21045,Wed Nov 09 15:36:40 MST 2016
45,3.7068415,-0.4080286,-0.47486043,896.24,Wed Nov 09 15:36:41 MST 2016
46,2.4237375,-1.1964016,0.3357613,896.2642,Wed Nov 09 15:36:43 MST 2016
47,1.9249964,-1.3395596,0.04883027,896.25116,Wed Nov 09 15:36:44 MST 2016
48,-1.1567216,-0.17051125,-0.10496163,896.2505,Wed Nov 09 15:36:45 MST 2016
49,0.023036003,-1.3065581,1.589018,896.2716,Wed Nov 09 15:36:46 MST 2016
50,-1.855197,-2.0447097,0.414742,896.2776,Wed Nov 09 15:36:47 MST 2016
51,-3.0991983,0.43758297,-0.45005435,896.2947,Wed Nov 09 15:36:48 MST 2016
52,-1.8342819,2.389081,0.8514213,896.3107,Wed Nov 09 15:36:49 MST 2016
53,-1.580823,3.381917,0.5628042,896.3158,Wed Nov 09 15:36:50 MST 2016
54,-1.548264,2.248434,1.2079136,896.31604,Wed Nov 09 15:36:51 MST 2016
55,0.9930787,3.5120077,0.33853042,896.3319,Wed Nov 09 15:36:52 MST 2016
56,-0.10662651,-5.0130377,-9.075599,896.3184,Wed Nov 09 15:36:53 MST 2016
57,8.22549,0.4322214,5.5325565,896.33594,Wed Nov 09 15:36:54 MST 2016
58,0.026631832,4.4334564,7.963737,896.33655,Wed Nov 09 15:36:55 MST 2016
59,-4.9303865,4.8305273,5.8512363,896.34546,Wed Nov 09 15:36:56 MST 2016
60,-2.2348208,4.975951,6.098763,896.3474,Wed Nov 09 15:36:57 MST 2016
61,-0.6368735,1.2980777,-3.9617815,896.34076,Wed Nov 09 15:36:58 MST 2016
62,4.4594007,0.32936716,-1.6064091,896.31396,Wed Nov 09 15:36:59 MST 2016
63,2.660628,0.32364202,-1.6422186,896.30884,Wed Nov 09 15:37:00 MST 2016
64,0.4776659,2.2076297,5.00177,896.3325,Wed Nov 09 15:37:02 MST 2016
65,4.9554434,4.0161,1.3509884,896.34015,Wed Nov 09 15:37:03 MST 2016
66,-1.1225872,6.8243923,7.0326757,896.3733,Wed Nov 09 15:37:04 MST 2016
67,0.0716939,7.356555,4.153294,896.3858,Wed Nov 09 15:37:05 MST 2016
68,1.020772,7.0145044,1.7059028,896.3895,Wed Nov 09 15:37:06 MST 2016
69,0.12029171,5.2585917,3.2799203,896.3891,Wed Nov 09 15:37:07 MST 2016
70,1.7882195,1.7120867,0.17609787,896.3782,Wed Nov 09 15:37:08 MST 2016
71,1.4193425,4.733347,0.8285868,896.40015,Wed Nov 09 15:37:09 MST 2016
72,0.9961581,2.6856322,-0.795382,896.415,Wed Nov 09 15:37:10 MST 2016
73,0.3710785,0.58373547,-0.3156761,896.41516,Wed Nov 09 15:37:11 MST 2016
74,-0.09745407,1.3008499,0.59324026,896.4237,Wed Nov 09 15:37:12 MST 2016
75,-1.6007562,0.10117626,-1.000613,896.4239,Wed Nov 09 15:37:13 MST 2016
76,-0.276062,-2.3546448,-3.7219448,896.4094,Wed Nov 09 15:37:14 MST 2016
77,1.2492466,-0.9765606,0.41752052,896.3923,Wed Nov 09 15:37:15 MST 2016
78,1.8525343,0.7972164,0.12510777,896.39886,Wed Nov 09 15:37:16 MST 2016
79,3.9310951,1.4605618,-0.31871766,896.43524,Wed Nov 09 15:37:17 MST 2016
80,1.7678576,-1.3670211,-1.3005974,896.4347,Wed Nov 09 15:37:18 MST 2016
81,0.077075005,-1.061274,0.5112143,896.4257,Wed Nov 09 15:37:20 MST 2016
82,3.079154,-2.0575953,-0.79673874,896.4311,Wed Nov 09 15:37:21 MST 2016
83,3.2987623,-2.7029457,0.69544923,896.43677,Wed Nov 09 15:37:22 MST 2016
84,3.0303564,-2.2103915,1.1044829,896.4685,Wed Nov 09 15:37:23 MST 2016
85,2.6231804,-1.7039065,-0.7841425,896.46436,Wed Nov 09 15:37:24 MST 2016
86,-0.21729422,-2.2420745,-0.29834855,896.49866,Wed Nov 09 15:37:25 MST 2016
87,3.059513,-0.06330681,-0.20671391,896.5043,Wed Nov 09 15:37:26 MST 2016
88,-0.8694601,-2.2682233,0.41376996,896.5338,Wed Nov 09 15:37:27 MST 2016
89,2.6475687,2.3262148,0.29469156,896.5479,Wed Nov 09 15:37:28 MST 2016
90,0.39378405,1.8923106,-0.3473544,896.55225,Wed Nov 09 15:37:29 MST 2016
91,-2.0822787,0.7962508,0.4764024,896.5521,Wed Nov 09 15:37:30 MST 2016
92,-4.7465277,-2.005292,-0.11495721,896.56946,Wed Nov 09 15:37:31 MST 2016
93,-1.1010914,3.033082,0.8830495,896.59143,Wed Nov 09 15:37:32 MST 2016
94,0.53645885,0.9211385,-1.8804464,896.58466,Wed Nov 09 15:37:33 MST 2016
95,-4.5942287,1.6428432,4.782524,896.62805,Wed Nov 09 15:37:35 MST 2016
96,-4.1053715,-1.9609852,1.8216796,896.65063,Wed Nov 09 15:37:36 MST 2016
97,3.9893608,0.88607025,-0.45683217,896.6765,Wed Nov 09 15:37:37 MST 2016
98,-1.1611247,-1.9463887,1.4476398,896.69385,Wed Nov 09 15:37:38 MST 2016
99,3.5456648,-0.46838093,2.0919988,896.6962,Wed Nov 09 15:37:39 MST 2016
100,5.102414,-2.9955635,3.4854093,896.7156,Wed Nov 09 15:37:40 MST 2016
101,3.8316622,-0.078559875,1.8083088,896.7245,Wed Nov 09 15:37:41 MST 2016
102,-0.6931114,-1.1552272,2.7603335,896.7246,Wed Nov 09 15:37:42 MST 2016
103,2.717657,-0.8336921,0.31832266,896.7491,Wed Nov 09 15:37:43 MST 2016
104,1.193954,0.18266535,1.4906788,896.76904,Wed Nov 09 15:37:44 MST 2016
105,1.243546,3.1277466,2.4868026,896.77563,Wed Nov 09 15:37:45 MST 2016
106,0.94617367,3.1656342,1.1581331,896.77985,Wed Nov 09 15:37:46 MST 2016
107,0.397398,3.8501787,1.9966145,896.7766,Wed Nov 09 15:37:47 MST 2016
108,-4.6606054,0.3695755,3.0147786,896.76227,Wed Nov 09 15:37:49 MST 2016
109,-0.7921419,3.3884506,2.1383986,896.7832,Wed Nov 09 15:37:50 MST 2016
110,7.055195,1.8500512,1.9262218,896.79193,Wed Nov 09 15:37:51 MST 2016
111,-3.1005306,0.02972269,0.35404015,896.7936,Wed Nov 09 15:37:52 MST 2016
112,1.7882004,0.24139595,1.7775173,896.8312,Wed Nov 09 15:37:53 MST 2016
113,1.9823151,0.61581,2.193152,896.8768,Wed Nov 09 15:37:54 MST 2016
114,-5.094582,2.3387263,-2.565064,896.93195,Wed Nov 09 15:37:55 MST 2016
115,0.050883293,3.2644448,0.4484552,896.9664,Wed Nov 09 15:37:56 MST 2016
116,1.2417116,0.9338668,4.6414485,896.92786,Wed Nov 09 15:37:57 MST 2016
117,4.2397003,3.1195068,3.170525,896.90765,Wed Nov 09 15:37:58 MST 2016
118,-1.5702887,1.6719398,7.57401,896.9247,Wed Nov 09 15:37:59 MST 2016
119,-4.753384,4.040804,11.595888,896.92804,Wed Nov 09 15:38:00 MST 2016
120,-1.0106878,5.243309,5.605427,896.9323,Wed Nov 09 15:38:01 MST 2016
121,-0.41869783,6.8602104,7.2791166,896.93524,Wed Nov 09 15:38:02 MST 2016
122,4.858372,1.9131398,-2.6205425,896.93866,Wed Nov 09 15:38:04 MST 2016
123,-2.160489,-2.015846,-4.6233473,896.9391,Wed Nov 09 15:38:05 MST 2016
124,0.12003088,6.056525,6.4613895,896.9506,Wed Nov 09 15:38:06 MST 2016
125,-3.0285645,2.0304365,1.1409509,896.98346,Wed Nov 09 15:38:07 MST 2016
126,-0.75234604,0.25902462,1.8797171,896.9734,Wed Nov 09 15:38:08 MST 2016
127,1.0924015,-1.8551192,0.569674,896.9645,Wed Nov 09 15:38:09 MST 2016
128,4.150488,-0.4900999,-1.2395309,896.97156,Wed Nov 09 15:38:10 MST 2016
129,-1.9093952,-2.5588408,0.8403983,897.00134,Wed Nov 09 15:38:11 MST 2016
130,-5.191245,-2.9820137,-9.553722,896.9456,Wed Nov 09 15:38:12 MST 2016
131,2.1093035,0.8660064,-0.74542,896.9249,Wed Nov 09 15:38:13 MST 2016
132,1.0011768,2.4581203,0.37985277,896.91864,Wed Nov 09 15:38:14 MST 2016
133,8.515595,-0.027635932,-3.5908365,896.8832,Wed Nov 09 15:38:15 MST 2016
134,-2.8646812,-0.46982193,-2.8541255,896.89526,Wed Nov 09 15:38:16 MST 2016
135,0.5020838,0.4485259,-4.7192254,896.89154,Wed Nov 09 15:38:18 MST 2016
136,-1.8108292,1.2565329,-1.022339,896.9062,Wed Nov 09 15:38:19 MST 2016
137,0.3682747,-0.49436998,-0.6832261,896.9077,Wed Nov 09 15:38:20 MST 2016
138,-6.149872,-0.93385714,-4.4991627,896.9037,Wed Nov 09 15:38:21 MST 2016
139,3.02843,-0.19575512,1.8320189,896.8812,Wed Nov 09 15:38:22 MST 2016
140,2.9296684,-1.0057518,-1.8275926,896.9259,Wed Nov 09 15:38:23 MST 2016
141,-0.6871519,-0.35640597,-3.3565135,896.9285,Wed Nov 09 15:38:24 MST 2016
142,0.9200759,0.9009137,-1.3248658,896.9418,Wed Nov 09 15:38:25 MST 2016
143,2.7113075,2.9194622,-1.4311156,896.9422,Wed Nov 09 15:38:26 MST 2016
144,-0.3027315,0.98655176,-0.049735785,896.94995,Wed Nov 09 15:38:27 MST 2016
145,-2.2177854,-0.8543649,-1.8081639,896.9474,Wed Nov 09 15:38:28 MST 2016
146,2.7018795,-1.7563353,-3.5936904,896.9718,Wed Nov 09 15:38:30 MST 2016
147,1.1033955,-1.272994,-3.408063,896.97437,Wed Nov 09 15:38:31 MST 2016
148,0.024772167,-1.5316343,-2.5504942,896.99164,Wed Nov 09 15:38:32 MST 2016
149,0.5704899,-1.0181231,-2.5617428,896.98193,Wed Nov 09 15:38:33 MST 2016
150,-1.0731044,-0.5765009,0.18831193,897.0038,Wed Nov 09 15:38:34 MST 2016
151,-1.0441189,-1.2919455,0.31683612,896.9911,Wed Nov 09 15:38:35 MST 2016
152,0.542325,1.636332,-0.040495664,897.0108,Wed Nov 09 15:38:36 MST 2016
153,-2.307045,-0.47802114,-0.37591934,897.00476,Wed Nov 09 15:38:37 MST 2016
154,-1.980236,-3.2586884,2.0742135,896.92834,Wed Nov 09 15:38:38 MST 2016
155,-4.6729727,0.45447445,-3.3087356,896.9524,Wed Nov 09 15:38:39 MST 2016
156,3.9423032,1.2399106,-1.9624643,897.0184,Wed Nov 09 15:38:40 MST 2016
157,1.5496793,-1.2241001,2.2728858,897.0128,Wed Nov 09 15:38:42 MST 2016
158,-2.3692093,1.1316376,4.2088075,897.04834,Wed Nov 09 15:38:43 MST 2016
159,-0.88426876,0.55164003,1.3385046,897.0702,Wed Nov 09 15:38:44 MST 2016
160,-1.973527,-3.3235207,2.7081738,897.08124,Wed Nov 09 15:38:45 MST 2016
161,3.1339684,-3.9340901,0.30155355,897.11053,Wed Nov 09 15:38:46 MST 2016
162,-0.30996418,-1.3543034,2.5981965,897.1338,Wed Nov 09 15:38:47 MST 2016
163,2.9937983,-2.650126,0.99809027,897.1427,Wed Nov 09 15:38:48 MST 2016
164,-3.967061,-7.6883984,-7.268326,897.13745,Wed Nov 09 15:38:49 MST 2016
165,4.854643,4.4057035,-3.0413437,897.1244,Wed Nov 09 15:38:50 MST 2016
166,5.218855,-1.910068,-0.7749076,897.1456,Wed Nov 09 15:38:51 MST 2016
167,6.444478,-3.319653,-0.3158041,897.1583,Wed Nov 09 15:38:52 MST 2016
168,5.4795675,-1.6397991,-0.2317971,897.1699,Wed Nov 09 15:38:53 MST 2016
169,4.136897,-2.9440122,-1.0297987,897.1826,Wed Nov 09 15:38:55 MST 2016
170,0.94815063,1.0426664,-0.80403495,897.2005,Wed Nov 09 15:38:56 MST 2016
171,0.35641766,1.7014475,0.21183085,897.23004,Wed Nov 09 15:38:57 MST 2016
172,-0.3039832,4.5510197,1.9501178,897.22754,Wed Nov 09 15:38:58 MST 2016
173,-0.12930584,0.5586872,1.2637515,897.25006,Wed Nov 09 15:38:59 MST 2016
174,-3.2473955,-1.3245893,1.7975371,897.25165,Wed Nov 09 15:39:00 MST 2016
175,-4.2276816,-1.2124,1.1337928,897.2574,Wed Nov 09 15:39:01 MST 2016
176,-1.1605724,1.2358582,-2.5292606,897.2817,Wed Nov 09 15:39:02 MST 2016
177,-1.350874,-0.82368016,0.011401653,897.2565,Wed Nov 09 15:39:03 MST 2016
178,3.5573473,1.3356609,-2.4460516,897.2637,Wed Nov 09 15:39:04 MST 2016
179,-0.52162457,-1.4644356,-0.39357278,897.3007,Wed Nov 09 15:39:06 MST 2016
180,4.8975487,-3.182744,-0.99792576,897.31146,Wed Nov 09 15:39:07 MST 2016
181,6.4440184,-6.907848,-2.214733,897.34326,Wed Nov 09 15:39:08 MST 2016
182,5.045759,-2.1245656,-0.66145444,897.35846,Wed Nov 09 15:39:09 MST 2016
183,0.4774351,-3.341298,-1.2701771,897.3568,Wed Nov 09 15:39:10 MST 2016
184,-0.44281757,3.3564725,-11.624769,897.3684,Wed Nov 09 15:39:11 MST 2016
185,3.2057848,7.8904123,-5.025421,897.38306,Wed Nov 09 15:39:12 MST 2016
186,5.073204,11.614969,-0.94262314,897.42163,Wed Nov 09 15:39:13 MST 2016
187,-0.7818651,3.294178,3.931695,897.39966,Wed Nov 09 15:39:14 MST 2016
188,1.8319283,-1.5203583,1.1033516,897.4081,Wed Nov 09 15:39:15 MST 2016
189,0.6970835,-12.139258,-48.10009,897.412,Wed Nov 09 15:39:16 MST 2016
190,38.38636,22.917496,-18.765177,897.4147,Wed Nov 09 15:39:18 MST 2016
191,26.92791,20.12795,8.048516,897.438,Wed Nov 09 15:39:19 MST 2016
192,12.32464,23.41378,13.942172,897.44543,Wed Nov 09 15:39:20 MST 2016
193,9.286398,-19.84973,2.951909,897.4265,Wed Nov 09 15:39:21 MST 2016
194,17.257944,17.338089,0.08758807,897.41736,Wed Nov 09 15:39:22 MST 2016
195,15.16153,5.3655233,-5.4364195,897.4221,Wed Nov 09 15:39:23 MST 2016
196,2.804861,4.6798177,-4.833494,897.4385,Wed Nov 09 15:39:24 MST 2016
197,6.610607,1.9028122,-6.1268787,897.4279,Wed Nov 09 15:39:25 MST 2016
198,4.51871,5.278713,6.256578,897.42737,Wed Nov 09 15:39:26 MST 2016
199,5.289668,3.7288008,5.963498,897.4283,Wed Nov 09 15:39:28 MST 2016
200,6.6681824,1.9197221,0.13624287,897.4194,Wed Nov 09 15:39:29 MST 2016
201,6.9241714,-0.43009615,0.24237977,897.42975,Wed Nov 09 15:39:30 MST 2016
202,5.0888844,-8.684306,-6.8293505,897.41724,Wed Nov 09 15:39:31 MST 2016
203,1.278595,-0.069695234,-2.115055,897.40753,Wed Nov 09 15:39:32 MST 2016
204,-1.1578712,0.7411976,1.9915788,897.43787,Wed Nov 09 15:39:33 MST 2016
205,3.4247031,3.9288483,1.0373738,897.4625,Wed Nov 09 15:39:34 MST 2016
206,-1.8519073,0.5626259,2.5552328,897.475,Wed Nov 09 15:39:35 MST 2016
207,-1.2285843,0.685132,1.99493,897.4693,Wed Nov 09 15:39:37 MST 2016
208,-3.2493744,0.81389713,1.1579357,897.4537,Wed Nov 09 15:39:38 MST 2016
209,-0.91427135,-0.7201495,0.80651295,897.44946,Wed Nov 09 15:39:39 MST 2016
210,1.368988,0.4854555,-0.06880623,897.4439,Wed Nov 09 15:39:40 MST 2016
211,2.1848803,0.72893906,-0.43371505,897.4308,Wed Nov 09 15:39:41 MST 2016
212,0.06252527,0.90304804,0.06452811,897.39966,Wed Nov 09 15:39:42 MST 2016
213,0.12882805,1.6452646,-0.13586378,897.3992,Wed Nov 09 15:39:43 MST 2016
214,-0.5603485,-1.7739391,-1.3430707,897.3909,Wed Nov 09 15:39:44 MST 2016
215,-6.0428295,-0.96486455,-5.201477,897.36743,Wed Nov 09 15:39:45 MST 2016
216,1.3138483,-0.6961299,-0.4422884,897.2908,Wed Nov 09 15:39:47 MST 2016
217,0.2738886,-0.31569606,-0.7397604,897.27295,Wed Nov 09 15:39:48 MST 2016
218,0.6970196,-0.2928877,-1.6884651,897.23737,Wed Nov 09 15:39:49 MST 2016
219,0.57715654,1.0161073,-1.3719358,897.21436,Wed Nov 09 15:39:50 MST 2016
220,0.8833599,-1.9453413,-0.7152114,897.1974,Wed Nov 09 15:39:51 MST 2016
221,-1.9949617,-0.63340664,-0.78567505,897.2084,Wed Nov 09 15:39:52 MST 2016
222,-0.59283924,0.015142918,-1.5656443,897.2158,Wed Nov 09 15:39:53 MST 2016
223,0.9457331,0.08543658,0.089306355,897.18994,Wed Nov 09 15:39:54 MST 2016
224,-1.3273087,1.1994038,3.9352536,897.2185,Wed Nov 09 15:39:56 MST 2016
225,0.35079575,-1.1227994,3.2397206,897.2026,Wed Nov 09 15:39:57 MST 2016
226,2.141036,-1.3389802,0.9339156,897.1653,Wed Nov 09 15:39:58 MST 2016
227,-4.5824428,-4.8082385,-6.3993845,897.1898,Wed Nov 09 15:39:59 MST 2016
228,1.8373098,1.2518435,-2.8200274,897.2289,Wed Nov 09 15:40:00 MST 2016
229,-0.117697716,0.47769737,-2.2586374,897.20044,Wed Nov 09 15:40:01 MST 2016
230,-0.521368,-0.6929703,-2.1632838,897.2282,Wed Nov 09 15:40:02 MST 2016
231,-0.45942688,-1.8515358,1.0371537,897.2184,Wed Nov 09 15:40:03 MST 2016
232,0.57936764,2.1420388,-2.5106058,897.20215,Wed Nov 09 15:40:04 MST 2016
233,-2.0516596,0.8726301,8.064591,897.22424,Wed Nov 09 15:40:06 MST 2016
234,-1.2900553,0.97306347,3.5674977,897.23413,Wed Nov 09 15:40:07 MST 2016
235,2.433278,3.8572397,0.6192905,897.2422,Wed Nov 09 15:40:08 MST 2016
236,1.1424627,2.8586073,0.39027613,897.2848,Wed Nov 09 15:40:09 MST 2016
237,2.0499516,3.526476,-4.294548,897.28644,Wed Nov 09 15:40:10 MST 2016
238,-11.488405,-3.1716928,5.091612,897.2954,Wed Nov 09 15:40:11 MST 2016
239,-1.2413905,-0.19170737,-8.416412,897.3009,Wed Nov 09 15:40:12 MST 2016
240,0.2155819,0.37685668,-7.2084064,897.28314,Wed Nov 09 15:40:13 MST 2016
241,0.35680148,0.30076385,-2.036521,897.29846,Wed Nov 09 15:40:15 MST 2016
242,3.0312033,2.2155638,5.11496,897.3148,Wed Nov 09 15:40:16 MST 2016
243,-1.1405463,3.6857395,5.8601756,897.32776,Wed Nov 09 15:40:17 MST 2016
244,-0.07799578,1.0567856,2.804689,897.3405,Wed Nov 09 15:40:18 MST 2016
245,0.2247343,-0.75003886,4.620903,897.34503,Wed Nov 09 15:40:19 MST 2016
246,1.2902255,1.4835038,-4.9975185,897.3288,Wed Nov 09 15:40:20 MST 2016
247,0.8555393,2.4412718,-3.2194314,897.35895,Wed Nov 09 15:40:21 MST 2016
248,-3.2250066,-1.4148507,1.5377898,897.34827,Wed Nov 09 15:40:22 MST 2016
249,0.6254753,-1.5649571,-4.8177195,897.3606,Wed Nov 09 15:40:24 MST 2016
250,-3.8849869,2.3920755,1.8723122,897.3689,Wed Nov 09 15:40:25 MST 2016
251,0.49793005,2.7783217,1.0616276,897.3761,Wed Nov 09 15:40:26 MST 2016
252,-3.465033,-0.027279854,4.16322,897.3744,Wed Nov 09 15:40:27 MST 2016
253,-1.9395328,0.3227234,2.3969173,897.40137,Wed Nov 09 15:40:28 MST 2016
254,-0.30915833,-0.26848507,1.7507081,897.39984,Wed Nov 09 15:40:29 MST 2016
255,1.5176384,-0.5287365,0.25107193,897.4166,Wed Nov 09 15:40:30 MST 2016
256,0.854156,1.7503959,-1.9794369,897.39795,Wed Nov 09 15:40:32 MST 2016
257,1.1547537,-0.7340646,-3.7546449,897.4094,Wed Nov 09 15:40:33 MST 2016
258,1.4551811,0.61170197,-3.1944628,897.4146,Wed Nov 09 15:40:34 MST 2016
259,-0.36213684,-0.9362612,-3.1627264,897.42017,Wed Nov 09 15:40:35 MST 2016
260,-0.96169376,-1.6482072,-0.39310074,897.41754,Wed Nov 09 15:40:36 MST 2016
261,-2.6761966,-1.3911729,-0.49453545,897.42664,Wed Nov 09 15:40:37 MST 2016
262,-0.6692357,0.2647853,-0.09136438,897.42334,Wed Nov 09 15:40:38 MST 2016
263,-9.506979,-4.574564,1.716958,897.4326,Wed Nov 09 15:40:39 MST 2016
264,0.66894054,2.7441063,-0.32449389,897.4299,Wed Nov 09 15:40:41 MST 2016
265,3.060749,0.19266367,2.6735218,897.4568,Wed Nov 09 15:40:42 MST 2016
266,2.392343,1.6070662,-0.38820267,897.46576,Wed Nov 09 15:40:43 MST 2016
267,0.14066792,2.1411567,-2.0477405,897.4718,Wed Nov 09 15:40:44 MST 2016
268,2.9110293,0.47194195,1.2224336,897.4747,Wed Nov 09 15:40:45 MST 2016
269,0.47038352,2.6450388,-2.2207985,897.46655,Wed Nov 09 15:40:46 MST 2016
270,3.1979828,1.4686522,0.76438475,897.49365,Wed Nov 09 15:40:47 MST 2016
271,1.2960362,-0.8756852,1.6227474,897.5034,Wed Nov 09 15:40:48 MST 2016
272,-0.052322865,-3.6197734,2.984519,897.4893,Wed Nov 09 15:40:50 MST 2016
273,0.037870884,-0.93652725,1.6555347,897.51794,Wed Nov 09 15:40:51 MST 2016
274,-0.3241334,-0.77971077,1.6966152,897.499,Wed Nov 09 15:40:52 MST 2016
275,-1.061303,-3.1100416,1.5637007,897.51105,Wed Nov 09 15:40:53 MST 2016
276,0.56252694,-0.6905892,1.3193417,897.4753,Wed Nov 09 15:40:54 MST 2016
277,2.255282,2.438798,3.0339804,897.4762,Wed Nov 09 15:40:55 MST 2016
278,-1.5283897,-1.5192726,2.13412,897.5078,Wed Nov 09 15:40:57 MST 2016
279,-0.33668518,-1.0565882,1.7611389,897.4908,Wed Nov 09 15:40:58 MST 2016
280,0.7515826,-2.114429,4.780254,897.4881,Wed Nov 09 15:40:59 MST 2016
281,-0.091593266,0.9062686,-3.635528,897.4875,Wed Nov 09 15:41:00 MST 2016
282,0.12241745,1.3506789,-1.6570482,897.488,Wed Nov 09 15:41:01 MST 2016
283,0.57819605,0.9213109,-2.4474297,897.4594,Wed Nov 09 15:41:02 MST 2016
284,-3.7949638,0.0772109,4.8525777,897.4584,Wed Nov 09 15:41:03 MST 2016
285,1.9544835,3.4475389,-1.5340376,897.4528,Wed Nov 09 15:41:04 MST 2016
286,-3.0481339,0.86784625,-0.08721638,897.46014,Wed Nov 09 15:41:06 MST 2016
287,-0.5972395,1.3591504,-0.74231863,897.4651,Wed Nov 09 15:41:07 MST 2016
288,-1.0849209,-0.3752222,0.06604242,897.43567,Wed Nov 09 15:41:08 MST 2016
289,-2.8024445,-1.2688236,1.1668186,897.43567,Wed Nov 09 15:41:09 MST 2016
290,-1.2750306,-1.779913,0.041707516,897.44586,Wed Nov 09 15:41:10 MST 2016
291,-2.9765825,-0.0026774406,-0.8994336,897.4304,Wed Nov 09 15:41:11 MST 2016
292,2.5293188,-1.1867414,-1.6680741,897.4419,Wed Nov 09 15:41:12 MST 2016
293,-1.7915528,-0.48536325,3.4249477,897.43225,Wed Nov 09 15:41:14 MST 2016
294,1.9660978,0.95538807,0.9369917,897.4321,Wed Nov 09 15:41:15 MST 2016
295,-1.9335651,0.37571776,-0.32828522,897.434,Wed Nov 09 15:41:16 MST 2016
296,0.13117754,0.20924282,2.6047134,897.4342,Wed Nov 09 15:41:17 MST 2016
297,-0.4981432,0.036131755,3.3866768,897.4445,Wed Nov 09 15:41:18 MST 2016
298,-1.8940353,1.107389,4.5864744,897.4562,Wed Nov 09 15:41:19 MST 2016
299,1.0662203,-2.6521587,-0.08225441,897.4472,Wed Nov 09 15:41:20 MST 2016
300,-0.259789,0.12863827,-2.3668594,897.4669,Wed Nov 09 15:41:22 MST 2016
301,0.06815791,-2.8172927,-1.5130081,897.459,Wed Nov 09 15:41:23 MST 2016
302,-1.3721792,0.0020883083,-2.5860167,897.4464,Wed Nov 09 15:41:24 MST 2016
303,0.7836802,-0.40648508,-0.8375263,897.4198,Wed Nov 09 15:41:25 MST 2016
304,-0.6746948,-0.08845115,-0.8365669,897.4358,Wed Nov 09 15:41:26 MST 2016
305,0.27128208,-1.3346522,-1.9257584,897.44604,Wed Nov 09 15:41:27 MST 2016
306,2.4801133,-1.4097147,1.2351933,897.4566,Wed Nov 09 15:41:28 MST 2016
307,-1.2502373,-0.24859285,0.41567755,897.4587,Wed Nov 09 15:41:30 MST 2016
308,0.56436515,-2.5659475,2.9779367,897.4408,Wed Nov 09 15:41:31 MST 2016
309,-1.3364775,-1.3284836,0.60366344,897.4768,Wed Nov 09 15:41:32 MST 2016
310,-0.89341295,0.14007711,-1.8459826,897.46063,Wed Nov 09 15:41:33 MST 2016
311,0.52905613,-0.8388624,-0.13189602,897.46063,Wed Nov 09 15:41:34 MST 2016
312,0.22728181,1.5572608,-2.1597662,897.4547,Wed Nov 09 15:41:35 MST 2016
313,-3.0199986,0.014355063,0.53659916,897.4507,Wed Nov 09 15:41:36 MST 2016
314,-1.8308153,-0.5001185,-0.79370785,897.4377,Wed Nov 09 15:41:38 MST 2016
315,0.56999016,0.0086654425,0.3262148,897.4377,Wed Nov 09 15:41:39 MST 2016
316,-0.12137604,-2.2489767,-1.2601748,897.46313,Wed Nov 09 15:41:40 MST 2016
317,0.05317211,0.33905005,-0.012199402,897.4808,Wed Nov 09 15:41:41 MST 2016
318,-0.023405671,0.12859154,0.029227257,897.4824,Wed Nov 09 15:41:42 MST 2016
319,-0.020336986,0.025697708,0.009336472,897.48346,Wed Nov 09 15:41:43 MST 2016
320,-0.026740968,0.021762729,0.0054512024,897.4733,Wed Nov 09 15:41:45 MST 2016
321,-0.037416816,-0.01695168,4.5585632E-4,897.4876,Wed Nov 09 15:41:46 MST 2016
322,-0.016407073,-0.001737237,-0.005381584,897.4866,Wed Nov 09 15:41:47 MST 2016
323,-0.28968322,0.8687732,0.27087784,897.4817,Wed Nov 09 15:41:48 MST 2016
324,-2.1124444,-0.3531723,-1.5389271,897.4452,Wed Nov 09 15:41:49 MST 2016
325,-2.1590972,0.09136391,-0.91849136,897.4133,Wed Nov 09 15:41:50 MST 2016
326,0.7926839,-0.81771374,-0.20574093,897.4287,Wed Nov 09 15:41:51 MST 2016
327,-5.124029,0.7992325,-1.368907,897.4343,Wed Nov 09 15:41:52 MST 2016
328,-0.4336983,-0.3895626,-0.25095177,897.4752,Wed Nov 09 15:41:54 MST 2016
329,-0.12463021,-0.23339891,-0.1077261,897.471,Wed Nov 09 15:41:55 MST 2016
330,1.5866437,0.007674098,-0.53367233,897.464,Wed Nov 09 15:41:56 MST 2016
331,-0.27683616,-0.111896515,-0.18933678,897.4591,Wed Nov 09 15:41:57 MST 2016
332,-0.24621415,-0.26127315,0.19155216,897.4631,Wed Nov 09 15:41:58 MST 2016
333,0.09573841,-0.0676074,0.26757622,897.4576,Wed Nov 09 15:41:59 MST 2016
334,-0.14357781,0.10401225,-0.22676182,897.4543,Wed Nov 09 15:42:01 MST 2016
335,-0.11746967,0.112713575,-0.40223503,897.455,Wed Nov 09 15:42:02 MST 2016
336,-0.24845266,1.0305762,-0.9774828,897.48206,Wed Nov 09 15:42:03 MST 2016
337,0.53055906,1.4337382,0.76698875,897.46375,Wed Nov 09 15:42:04 MST 2016
338,0.3046775,0.040711403,-0.025227547,897.4523,Wed Nov 09 15:42:05 MST 2016
339,0.32253122,0.40074825,-0.6389799,897.41565,Wed Nov 09 15:42:06 MST 2016
340,-0.62938106,0.6536193,-1.2616153,897.4596,Wed Nov 09 15:42:07 MST 2016
341,-0.74418354,0.31167698,-0.5987921,897.4482,Wed Nov 09 15:42:09 MST 2016
342,-3.572509,1.3099561,0.5273757,897.54626,Wed Nov 09 15:42:10 MST 2016
343,1.5934911,0.74397767,-1.430018,897.4607,Wed Nov 09 15:42:11 MST 2016
344,0.32892466,0.43484098,-0.5990896,897.4733,Wed Nov 09 15:42:12 MST 2016
345,0.19046545,0.6139825,-0.48109627,897.4762,Wed Nov 09 15:42:13 MST 2016
346,0.12203646,0.30945385,-0.2109356,897.48486,Wed Nov 09 15:42:14 MST 2016
347,-0.42713404,-0.07557072,-0.37020493,897.48016,Wed Nov 09 15:42:15 MST 2016
348,-0.296834,-0.61053294,-0.28247166,897.494,Wed Nov 09 15:42:17 MST 2016
349,-3.6200025,-1.9337857,-2.0701141,897.4628,Wed Nov 09 15:42:18 MST 2016
350,-0.6232011,0.55660796,-0.6169691,897.44836,Wed Nov 09 15:42:19 MST 2016
351,0.55680776,-0.0109426975,0.56446743,897.4662,Wed Nov 09 15:42:20 MST 2016
352,0.238351,-0.30674827,0.12018776,897.47156,Wed Nov 09 15:42:21 MST 2016
353,0.43282112,-0.78031266,0.08584499,897.46954,Wed Nov 09 15:42:22 MST 2016
354,0.5665561,-0.65815735,0.2396164,897.5,Wed Nov 09 15:42:24 MST 2016
355,-0.06478608,-0.2745763,-0.07152748,897.5122,Wed Nov 09 15:42:25 MST 2016
356,1.4465586,-2.0987077,0.3140173,897.51917,Wed Nov 09 15:42:26 MST 2016
357,-0.44825464,0.42136157,-0.43342113,897.5472,Wed Nov 09 15:42:27 MST 2016
358,0.1361059,0.7000413,-0.06665039,897.5443,Wed Nov 09 15:42:28 MST 2016
359,-0.18130815,0.87979054,-0.061318398,897.5434,Wed Nov 09 15:42:29 MST 2016
360,0.63214946,-0.18676805,0.06684303,897.5252,Wed Nov 09 15:42:31 MST 2016
361,0.89627004,-0.08225179,-0.07017708,897.50867,Wed Nov 09 15:42:32 MST 2016
362,-0.937917,0.294513,0.11230183,897.4719,Wed Nov 09 15:42:33 MST 2016
363,-0.09074348,-0.4047141,0.2716465,897.4453,Wed Nov 09 15:42:34 MST 2016
364,-0.13651907,-0.06984711,0.026002884,897.402,Wed Nov 09 15:42:35 MST 2016
365,-0.42567527,-0.3020091,0.14017677,897.3587,Wed Nov 09 15:42:36 MST 2016
366,-1.202621,-0.07959843,0.22026443,897.3196,Wed Nov 09 15:42:38 MST 2016
367,0.022989541,-1.075602,-0.51908493,897.31934,Wed Nov 09 15:42:39 MST 2016
368,0.23238407,-0.47881985,0.5186901,897.2853,Wed Nov 09 15:42:40 MST 2016
369,-0.46890762,-0.49711275,0.008766174,897.27435,Wed Nov 09 15:42:41 MST 2016
370,0.62914324,-1.1801472,0.49110126,897.2593,Wed Nov 09 15:42:42 MST 2016
371,0.7825829,-0.62381506,0.40682316,897.2543,Wed Nov 09 15:42:43 MST 2016
372,0.31452644,-0.20009828,0.054623604,897.2574,Wed Nov 09 15:42:44 MST 2016
373,-0.44188946,0.9873004,-0.564909,897.2282,Wed Nov 09 15:42:46 MST 2016
374,-0.089174986,0.20651102,-0.07420254,897.22363,Wed Nov 09 15:42:47 MST 2016
375,-0.14827582,0.29045868,-0.10535717,897.23517,Wed Nov 09 15:42:48 MST 2016
376,-0.40625304,0.58095455,-0.3220873,897.2097,Wed Nov 09 15:42:49 MST 2016
377,0.53650546,-0.9018593,0.34430408,897.23834,Wed Nov 09 15:42:50 MST 2016
378,-0.8829335,1.3578887,-0.7098074,897.20306,Wed Nov 09 15:42:51 MST 2016
379,0.44868898,0.62695885,-0.41410446,897.2128,Wed Nov 09 15:42:53 MST 2016
380,0.56091607,0.07390833,0.4165001,897.22003,Wed Nov 09 15:42:54 MST 2016
381,-0.27312154,0.49674082,-0.46455002,897.17883,Wed Nov 09 15:42:55 MST 2016
382,-0.78336704,-0.0026545525,0.09340668,897.144,Wed Nov 09 15:42:56 MST 2016
383,-0.53242135,0.18383694,0.65492153,897.12976,Wed Nov 09 15:42:57 MST 2016
384,-0.014818311,-0.22188663,-0.018331528,897.11707,Wed Nov 09 15:42:58 MST 2016
385,0.09499133,-0.53702736,0.1779232,897.0581,Wed Nov 09 15:42:59 MST 2016
386,0.07619864,-0.25241852,-0.080280304,897.02106,Wed Nov 09 15:43:01 MST 2016
387,-0.017308712,-0.6855922,0.6421032,896.9861,Wed Nov 09 15:43:02 MST 2016
388,0.43738556,-1.450459,0.7457094,896.97473,Wed Nov 09 15:43:03 MST 2016
389,-0.02320522,0.11095762,-0.21209812,896.94037,Wed Nov 09 15:43:04 MST 2016
390,-0.12102425,-0.11592245,0.16380405,896.9285,Wed Nov 09 15:43:05 MST 2016
391,0.21720636,-0.7797868,0.72106934,896.9064,Wed Nov 09 15:43:06 MST 2016
392,0.52,-0.51136804,0.059693336,896.9056,Wed Nov 09 15:43:08 MST 2016
393,-1.6317785,2.0360882,-1.0182314,896.8938,Wed Nov 09 15:43:09 MST 2016
394,-1.7952058,0.3584442,-0.42679977,896.8869,Wed Nov 09 15:43:10 MST 2016
395,-1.8455579,-0.46903467,0.012003899,896.88446,Wed Nov 09 15:43:11 MST 2016
396,-1.09131,-0.25269365,0.5810065,896.86786,Wed Nov 09 15:43:12 MST 2016
397,-0.541167,0.008025646,0.10270214,896.8636,Wed Nov 09 15:43:13 MST 2016
398,1.2351718,-0.5885005,0.31760216,896.86096,Wed Nov 09 15:43:15 MST 2016
399,0.021609306,-0.75411034,0.83661556,896.86914,Wed Nov 09 15:43:16 MST 2016
400,0.42625844,-0.20568609,-0.058665276,896.82416,Wed Nov 09 15:43:17 MST 2016
401,0.0620178,-0.41826153,0.4455099,896.805,Wed Nov 09 15:43:18 MST 2016
402,0.8941338,-0.62597895,-0.022070885,896.7459,Wed Nov 09 15:43:19 MST 2016
403,0.17628193,-0.37608242,0.23099995,896.6653,Wed Nov 09 15:43:20 MST 2016
404,0.076933265,-0.5674343,0.50192165,896.5897,Wed Nov 09 15:43:21 MST 2016
405,0.026542783,-0.19363785,-0.060538292,896.4678,Wed Nov 09 15:43:23 MST 2016
406,0.04342842,-0.2573638,0.2539959,896.36273,Wed Nov 09 15:43:24 MST 2016
407,0.29173577,-0.07121754,-0.22584152,896.25903,Wed Nov 09 15:43:25 MST 2016
408,0.10895407,-0.21274042,0.1344986,896.1493,Wed Nov 09 15:43:26 MST 2016
409,0.22165787,-0.105825424,0.18214798,896.0509,Wed Nov 09 15:43:27 MST 2016
410,0.25571644,-0.05096531,0.14953995,895.90216,Wed Nov 09 15:43:28 MST 2016
411,-0.13443816,-0.25116634,0.021497726,895.82666,Wed Nov 09 15:43:30 MST 2016
412,0.04158485,-0.20027828,0.11819935,895.7011,Wed Nov 09 15:43:31 MST 2016
413,-0.012023807,0.08481407,0.07031441,895.58496,Wed Nov 09 15:43:32 MST 2016
414,0.27339506,-0.22345829,-0.10804653,895.48865,Wed Nov 09 15:43:33 MST 2016
415,-0.07760799,-0.14393759,-0.14537239,895.4112,Wed Nov 09 15:43:34 MST 2016
416,-0.12769163,-0.21912503,-0.31651783,895.3216,Wed Nov 09 15:43:35 MST 2016
417,-0.52424264,-0.2408526,0.31982327,895.2542,Wed Nov 09 15:43:36 MST 2016
418,-1.1444451,-0.37974262,0.45241642,895.20386,Wed Nov 09 15:43:37 MST 2016
419,-1.7804744,-0.4454298,0.06354904,895.14124,Wed Nov 09 15:43:39 MST 2016
420,-1.1683643,-0.2600131,-0.4553423,895.0591,Wed Nov 09 15:43:40 MST 2016
421,-0.81996703,-0.6129961,0.028623581,894.9933,Wed Nov 09 15:43:41 MST 2016
422,-0.64221716,-0.49034166,0.016386032,894.9247,Wed Nov 09 15:43:42 MST 2016
423,-0.32653475,-0.91090226,0.34919834,894.9022,Wed Nov 09 15:43:43 MST 2016
424,-0.3585415,-0.8623948,0.26443863,894.8379,Wed Nov 09 15:43:44 MST 2016
425,1.4806142,-0.09800458,-0.08970642,894.77716,Wed Nov 09 15:43:46 MST 2016
426,1.8528578,0.18720579,-0.1874857,894.7428,Wed Nov 09 15:43:47 MST 2016
427,1.6490405,0.3314042,0.14806652,894.734,Wed Nov 09 15:43:48 MST 2016
428,1.1646336,0.15352201,-0.30272198,894.75323,Wed Nov 09 15:43:49 MST 2016
429,1.3169112,0.32111692,-0.057088852,894.80054,Wed Nov 09 15:43:50 MST 2016
430,0.91541487,0.16044998,-0.15773773,894.7779,Wed Nov 09 15:43:51 MST 2016
431,0.6959299,0.14847612,-0.18573761,894.73755,Wed Nov 09 15:43:53 MST 2016
432,0.5203229,0.06495857,-0.049160957,894.7253,Wed Nov 09 15:43:54 MST 2016
433,0.527497,-0.05658865,0.23951721,894.7275,Wed Nov 09 15:43:55 MST 2016
434,0.5238929,-0.21476603,-0.13735294,894.75,Wed Nov 09 15:43:56 MST 2016
435,0.10707891,-0.12622547,0.08906937,894.7988,Wed Nov 09 15:43:57 MST 2016
436,-0.10017216,-0.1496253,0.4962263,894.8562,Wed Nov 09 15:43:59 MST 2016
437,0.20815343,-0.18738317,0.11699581,894.90894,Wed Nov 09 15:44:00 MST 2016
438,0.016126335,-0.29783487,-0.5003891,894.9596,Wed Nov 09 15:44:01 MST 2016
439,-0.13674581,-0.24443293,-0.14704227,895.01495,Wed Nov 09 15:44:02 MST 2016
440,-0.32153845,-0.39610672,-0.20095634,895.0912,Wed Nov 09 15:44:03 MST 2016
441,-0.39935762,-0.16473794,-0.043468475,895.1746,Wed Nov 09 15:44:04 MST 2016
442,-0.28639078,-0.17880416,0.22591686,895.2747,Wed Nov 09 15:44:05 MST 2016
443,-0.07820594,-0.2781887,0.45083332,895.3745,Wed Nov 09 15:44:07 MST 2016
444,-0.13832766,0.06469965,0.1737957,895.5186,Wed Nov 09 15:44:08 MST 2016
445,-0.11649224,-0.1517086,0.18555355,895.61926,Wed Nov 09 15:44:09 MST 2016
446,0.025540978,-0.2631216,-0.2736206,895.65356,Wed Nov 09 15:44:10 MST 2016
447,0.5202406,-0.13336396,0.172266,895.7114,Wed Nov 09 15:44:11 MST 2016
448,0.08903697,-0.07811403,0.20312786,895.731,Wed Nov 09 15:44:13 MST 2016
449,0.4990424,-0.2328682,0.12841797,895.7153,Wed Nov 09 15:44:14 MST 2016
450,0.6333982,0.16119385,0.09932041,895.72864,Wed Nov 09 15:44:15 MST 2016
451,1.1466864,0.57638097,-0.430686,895.73303,Wed Nov 09 15:44:16 MST 2016
452,0.7676377,0.33428907,-0.05116844,895.76,Wed Nov 09 15:44:17 MST 2016
453,0.39430463,0.10489702,0.74491405,895.828,Wed Nov 09 15:44:18 MST 2016
454,-0.23678923,-0.47031975,-0.11682987,895.8887,Wed Nov 09 15:44:20 MST 2016
455,-0.88531834,-0.70921445,0.06061554,895.9978,Wed Nov 09 15:44:21 MST 2016
456,-1.3293861,-0.48601055,0.03691864,896.1443,Wed Nov 09 15:44:22 MST 2016
457,-1.1494191,-0.52447295,0.4361496,896.2864,Wed Nov 09 15:44:23 MST 2016
458,-0.483366,-0.59088016,0.32493114,896.49866,Wed Nov 09 15:44:24 MST 2016
459,0.55525357,-0.41553497,0.5163336,896.69104,Wed Nov 09 15:44:26 MST 2016
460,0.39861917,-0.29015684,0.3331585,896.8591,Wed Nov 09 15:44:27 MST 2016
461,0.7074959,-0.7515476,0.43352032,897.0498,Wed Nov 09 15:44:28 MST 2016
462,0.35978305,-0.5115535,0.25926876,897.2349,Wed Nov 09 15:44:29 MST 2016
463,0.55579627,0.19614482,-0.2591877,897.3374,Wed Nov 09 15:44:30 MST 2016
464,0.74193454,1.2815919,-0.88306236,897.4252,Wed Nov 09 15:44:31 MST 2016
465,0.24706006,0.56674147,-0.26960087,897.53613,Wed Nov 09 15:44:33 MST 2016
466,0.47957134,0.6458771,-0.49389362,897.6339,Wed Nov 09 15:44:34 MST 2016
467,0.058467746,0.24285841,0.11599445,897.7239,Wed Nov 09 15:44:35 MST 2016
468,0.4161144,-0.3709402,0.35051918,897.8566,Wed Nov 09 15:44:36 MST 2016
469,-0.85355675,-1.262908,0.65888214,897.9558,Wed Nov 09 15:44:37 MST 2016
470,-0.3662158,-2.087349,0.8095341,898.0331,Wed Nov 09 15:44:39 MST 2016
471,-0.35373363,-0.7023766,0.066758156,898.1012,Wed Nov 09 15:44:40 MST 2016
472,-0.2598955,-0.51671433,0.9778185,898.15826,Wed Nov 09 15:44:41 MST 2016
473,0.006308615,-0.61520576,0.05858326,898.1467,Wed Nov 09 15:44:42 MST 2016
474,-0.32348976,0.18331409,-0.16672039,898.1394,Wed Nov 09 15:44:43 MST 2016
475,0.07358916,-1.3300934,0.59694767,898.16406,Wed Nov 09 15:44:45 MST 2016
476,-0.5949889,0.961606,-0.35789967,898.1496,Wed Nov 09 15:44:46 MST 2016
477,-1.425841,0.6742554,-0.6081972,898.1488,Wed Nov 09 15:44:47 MST 2016
478,-2.8948054,-0.11193991,0.5220938,898.1366,Wed Nov 09 15:44:48 MST 2016
479,-1.2557515,-0.44767237,0.2165432,898.1663,Wed Nov 09 15:44:49 MST 2016
480,0.24953215,0.09368229,0.2827549,898.1365,Wed Nov 09 15:44:51 MST 2016
481,0.5338421,-0.12582636,0.49378777,898.1594,Wed Nov 09 15:44:52 MST 2016
482,0.80663437,-0.33932972,-0.11383724,898.1699,Wed Nov 09 15:44:53 MST 2016
483,0.2535537,-0.38386583,0.08409405,898.1837,Wed Nov 09 15:44:54 MST 2016
484,0.23763135,-0.52550936,0.22511387,898.2135,Wed Nov 09 15:44:55 MST 2016
485,0.2665738,-1.3085294,0.56144905,898.2651,Wed Nov 09 15:44:56 MST 2016
486,-0.016550764,-0.9929669,0.30007267,898.3017,Wed Nov 09 15:44:58 MST 2016
487,0.03084308,0.33238316,0.73819065,898.33044,Wed Nov 09 15:44:59 MST 2016
488,0.54142904,-0.7621548,-3.4362106,898.36206,Wed Nov 09 15:45:00 MST 2016
489,-0.11097887,0.71340275,-0.30420494,898.3423,Wed Nov 09 15:45:01 MST 2016
490,-0.21812293,0.51889324,-0.053310394,898.3476,Wed Nov 09 15:45:02 MST 2016
491,-0.073058724,-0.26768875,0.65577984,898.3747,Wed Nov 09 15:45:04 MST 2016
492,0.23538741,-0.6667094,0.41531754,898.4102,Wed Nov 09 15:45:05 MST 2016
493,-0.1288696,-0.08287001,0.19367313,898.425,Wed Nov 09 15:45:06 MST 2016
494,0.55438477,-0.253016,-1.0671949,898.4396,Wed Nov 09 15:45:07 MST 2016
495,0.38395634,-0.047044754,0.114834785,898.4595,Wed Nov 09 15:45:08 MST 2016
496,-0.03789033,0.12860012,0.70630836,898.47327,Wed Nov 09 15:45:10 MST 2016
497,-0.12220687,0.16240835,0.32571983,898.48596,Wed Nov 09 15:45:11 MST 2016
498,-0.025776714,-0.21369576,0.06698036,898.5122,Wed Nov 09 15:45:12 MST 2016
499,-0.03666444,0.06369805,-0.27710629,898.526,Wed Nov 09 15:45:13 MST 2016
500,0.3186654,-0.058151245,-0.13465881,898.5574,Wed Nov 09 15:45:14 MST 2016
501,-0.47622257,-0.14330578,0.4479866,898.5842,Wed Nov 09 15:45:16 MST 2016
502,-1.080349,-0.88610864,0.1548481,898.6085,Wed Nov 09 15:45:17 MST 2016
503,-0.1869998,-1.0407922,-0.003047943,898.6497,Wed Nov 09 15:45:18 MST 2016
504,0.47009218,-0.85370374,0.5236349,898.67786,Wed Nov 09 15:45:19 MST 2016
505,-0.6871064,-0.6526778,0.19017124,898.7458,Wed Nov 09 15:45:20 MST 2016
506,1.9541363,-0.484823,-0.12527943,898.7762,Wed Nov 09 15:45:22 MST 2016
507,-0.2100208,0.028056622,-0.6663561,898.7563,Wed Nov 09 15:45:23 MST 2016
508,0.12636213,0.8745625,-0.3125925,898.7677,Wed Nov 09 15:45:24 MST 2016
509,0.18082008,0.6340294,-0.35067558,898.7766,Wed Nov 09 15:45:25 MST 2016
510,-0.005308777,0.16582775,0.043367386,898.79553,Wed Nov 09 15:45:26 MST 2016
511,0.021968488,-0.43075323,0.3260584,898.8168,Wed Nov 09 15:45:28 MST 2016
512,0.2351112,-0.8998909,0.5857134,898.8478,Wed Nov 09 15:45:29 MST 2016
513,0.05791697,-1.0777724,0.6421652,898.8762,Wed Nov 09 15:45:30 MST 2016
514,0.54911065,-0.75805926,-1.6298695,898.8675,Wed Nov 09 15:45:31 MST 2016
515,0.104798555,0.5291228,-0.20179653,898.8926,Wed Nov 09 15:45:32 MST 2016
516,-0.14089355,0.1939969,-0.14868069,898.90265,Wed Nov 09 15:45:34 MST 2016
517,-0.076863185,0.030334711,0.22123241,898.9105,Wed Nov 09 15:45:35 MST 2016
518,0.56355727,-1.4774389,0.36032104,898.9353,Wed Nov 09 15:45:36 MST 2016
519,-0.091564,-0.7187493,0.56521225,898.95,Wed Nov 09 15:45:37 MST 2016
520,0.12814492,0.9195018,-0.39498615,898.9402,Wed Nov 09 15:45:38 MST 2016
521,-0.042248815,1.1967044,-0.48457813,898.9359,Wed Nov 09 15:45:40 MST 2016
522,-0.22586033,0.8909247,-0.22009277,898.9447,Wed Nov 09 15:45:41 MST 2016
523,0.120158345,-0.5021596,0.119345665,898.9675,Wed Nov 09 15:45:42 MST 2016
524,0.035561442,-0.6691241,0.34471607,898.98157,Wed Nov 09 15:45:43 MST 2016
525,0.031544387,0.586359,-0.22473049,898.97986,Wed Nov 09 15:45:44 MST 2016
526,-0.0051611066,0.103360415,-0.05411434,898.9603,Wed Nov 09 15:45:46 MST 2016
527,0.0099669695,0.005274296,-0.005299568,898.97266,Wed Nov 09 15:45:47 MST 2016
528,-0.008706629,0.5262456,-0.21776104,898.97656,Wed Nov 09 15:45:48 MST 2016
529,0.50541353,0.6022978,0.50032806,898.9573,Wed Nov 09 15:45:49 MST 2016
530,-0.07041758,-1.354167,0.4479208,898.984,Wed Nov 09 15:45:50 MST 2016
531,0.65697324,-1.1796241,0.49067116,898.9849,Wed Nov 09 15:45:52 MST 2016
532,0.0034371018,0.072432995,-0.024474144,898.99536,Wed Nov 09 15:45:53 MST 2016
533,-0.034732968,-0.001513958,0.033055305,899.0092,Wed Nov 09 15:45:54 MST 2016
534,-0.0108410865,0.010413647,0.021718025,898.978,Wed Nov 09 15:45:55 MST 2016
535,0.01799272,-5.581379E-4,0.002614975,898.9708,Wed Nov 09 15:45:56 MST 2016
536,-0.30700836,1.5994153,-0.7288408,898.9568,Wed Nov 09 15:45:58 MST 2016
537,1.1370347,0.53148365,-0.23321915,898.94727,Wed Nov 09 15:45:59 MST 2016
538,1.9730393,-0.1866622,-0.17710781,898.9468,Wed Nov 09 15:46:00 MST 2016
539,0.5650062,0.3623557,-0.21523571,898.9298,Wed Nov 09 15:46:01 MST 2016
540,-0.15897143,0.10796356,-0.23810673,898.921,Wed Nov 09 15:46:02 MST 2016
541,-0.20771255,-0.08958912,-0.031039238,898.90466,Wed Nov 09 15:46:04 MST 2016
542,-0.585371,-0.5066414,0.1140089,898.89325,Wed Nov 09 15:46:05 MST 2016
543,-0.56481063,-0.6804037,0.1508398,898.88184,Wed Nov 09 15:46:06 MST 2016
544,-0.23049009,-0.5750456,0.065410614,898.8492,Wed Nov 09 15:46:07 MST 2016
545,0.305558,-0.20256805,0.18888283,898.841,Wed Nov 09 15:46:08 MST 2016
546,0.17045024,-0.16107702,-0.32988834,898.8407,Wed Nov 09 15:46:10 MST 2016
547,0.16758296,-0.23232031,-0.20978451,898.83417,Wed Nov 09 15:46:11 MST 2016
548,0.18345615,-0.04047537,-0.08170128,898.8386,Wed Nov 09 15:46:12 MST 2016
549,-0.022860497,-0.1447568,-0.040068626,898.8361,Wed Nov 09 15:46:13 MST 2016
550,0.07017231,-0.11142254,0.22535038,898.82794,Wed Nov 09 15:46:14 MST 2016
551,0.13017383,-0.22728682,-0.09398174,898.8071,Wed Nov 09 15:46:16 MST 2016
552,0.017735481,-0.064080715,-0.3723526,898.786,Wed Nov 09 15:46:17 MST 2016
553,0.0023937523,-0.12523317,0.35554695,898.7908,Wed Nov 09 15:46:18 MST 2016
554,0.1502846,-0.22755861,-0.3729229,898.7982,Wed Nov 09 15:46:19 MST 2016
555,-0.056135476,-0.237926,0.23999691,898.7988,Wed Nov 09 15:46:20 MST 2016
556,-0.0048538446,-0.33523297,0.016253471,898.81946,Wed Nov 09 15:46:22 MST 2016
557,0.13675547,-0.24387836,-0.11062908,898.83966,Wed Nov 09 15:46:23 MST 2016
558,0.2089871,-0.60518765,0.48280048,898.85535,Wed Nov 09 15:46:24 MST 2016
559,-0.13499776,-0.8697376,0.4287672,898.88696,Wed Nov 09 15:46:25 MST 2016
560,-0.09083092,-0.36966205,-0.10405445,898.9017,Wed Nov 09 15:46:26 MST 2016
561,0.14835013,-0.6890266,0.3268814,898.93274,Wed Nov 09 15:46:28 MST 2016
562,0.42183632,-0.68754935,0.24818802,898.95917,Wed Nov 09 15:46:29 MST 2016
563,0.3106837,-0.5189569,0.2123537,898.9777,Wed Nov 09 15:46:30 MST 2016
564,-0.027009755,0.0054023266,0.09619045,898.9679,Wed Nov 09 15:46:31 MST 2016
565,0.029871136,0.6154978,-0.25462627,898.99274,Wed Nov 09 15:46:32 MST 2016
566,0.013810366,0.03685236,-0.014217377,898.9982,Wed Nov 09 15:46:34 MST 2016
567,-0.1220541,0.5439997,-0.2424593,898.98517,Wed Nov 09 15:46:35 MST 2016
568,-0.0038802922,0.07997465,-0.03638935,898.989,Wed Nov 09 15:46:36 MST 2016
569,-0.001571387,0.0019330978,-0.016617775,898.9828,Wed Nov 09 15:46:37 MST 2016
570,-0.0011737645,7.650852E-4,-0.013284683,898.9788,Wed Nov 09 15:46:38 MST 2016
571,0.0145094395,-0.0078547,-0.00905323,898.9729,Wed Nov 09 15:46:40 MST 2016
572,0.0065425634,-0.007614851,0.0027685165,898.963,Wed Nov 09 15:46:41 MST 2016
573,0.015514165,-0.0058083534,-0.0069293976,898.9685,Wed Nov 09 15:46:42 MST 2016
574,0.0070055425,-1.0037422E-4,0.0052347183,898.9714,Wed Nov 09 15:46:43 MST 2016
575,-0.08869049,0.53136444,-0.23235512,898.958,Wed Nov 09 15:46:45 MST 2016
576,-0.1468929,0.51898193,-0.21506977,898.9589,Wed Nov 09 15:46:46 MST 2016
577,-0.09631342,0.45884943,-0.19190216,898.9759,Wed Nov 09 15:46:47 MST 2016
578,0.056069165,-0.16531849,0.112644196,898.99475,Wed Nov 09 15:46:48 MST 2016
579,0.016987294,-0.22825098,-0.043315887,899.0244,Wed Nov 09 15:46:49 MST 2016
580,0.042915046,-0.078481674,-0.061728477,899.07336,Wed Nov 09 15:46:51 MST 2016
581,0.087085664,-0.61076736,0.44660568,899.1001,Wed Nov 09 15:46:52 MST 2016
582,-0.7890932,-0.70952654,0.24201298,899.1451,Wed Nov 09 15:46:53 MST 2016
583,-1.8028398,-0.8671789,0.97837543,899.1705,Wed Nov 09 15:46:54 MST 2016
584,-2.0127316,-0.09349966,-0.09922981,899.158,Wed Nov 09 15:46:56 MST 2016
585,-1.8966756,-0.39569616,0.13090515,899.172,Wed Nov 09 15:46:57 MST 2016
586,0.7591088,-0.14866829,-0.2924919,899.18243,Wed Nov 09 15:46:58 MST 2016
587,1.0940366,0.04798746,-0.021227837,899.19214,Wed Nov 09 15:46:59 MST 2016
588,0.53204525,-0.053619385,0.081638336,899.23,Wed Nov 09 15:47:00 MST 2016
589,-0.015804946,-0.034902096,-0.018156052,899.2717,Wed Nov 09 15:47:02 MST 2016
590,-0.22817686,-0.25524235,0.29543114,899.3386,Wed Nov 09 15:47:03 MST 2016
591,-0.28594062,-0.37320566,0.34017277,899.395,Wed Nov 09 15:47:04 MST 2016
592,-0.16903508,-0.38941002,0.1493082,899.4407,Wed Nov 09 15:47:05 MST 2016
593,0.10579312,-0.057033062,-0.13311958,899.45496,Wed Nov 09 15:47:06 MST 2016
594,-0.18916884,0.11995506,0.18141079,899.5022,Wed Nov 09 15:47:08 MST 2016
595,-0.11605537,-0.25831175,-0.12736893,899.53314,Wed Nov 09 15:47:09 MST 2016
596,-0.26629695,-0.23424244,0.22659302,899.5755,Wed Nov 09 15:47:10 MST 2016
597,0.05769691,-0.073298454,0.2368555,899.6009,Wed Nov 09 15:47:11 MST 2016
598,-0.061582595,-0.1508851,0.39363194,899.6373,Wed Nov 09 15:47:12 MST 2016
599,0.07746759,-0.07245493,0.28579235,899.65784,Wed Nov 09 15:47:14 MST 2016
600,-0.112448275,-0.6481881,0.49822807,899.7045,Wed Nov 09 15:47:15 MST 2016
601,0.023505092,-0.5584495,0.2609768,899.75415,Wed Nov 09 15:47:16 MST 2016
602,0.22657824,-0.77997565,0.48493767,899.836,Wed Nov 09 15:47:17 MST 2016
603,0.32852536,-0.46261573,0.26544666,899.89233,Wed Nov 09 15:47:18 MST 2016
604,0.26658022,0.1579225,-0.0062742233,899.93695,Wed Nov 09 15:47:20 MST 2016
605,0.79752564,-0.52433205,0.075751305,899.95526,Wed Nov 09 15:47:21 MST 2016
606,1.4664516,0.55309033,-0.0242939,899.97534,Wed Nov 09 15:47:22 MST 2016
607,1.1659882,0.32469058,0.22718239,899.9811,Wed Nov 09 15:47:23 MST 2016
608,0.10143745,0.48129368,0.24438572,899.9615,Wed Nov 09 15:47:25 MST 2016
609,-0.5270848,0.08040762,-0.10854912,899.9542,Wed Nov 09 15:47:26 MST 2016
610,-0.1642083,-0.16014671,-0.3301773,899.933,Wed Nov 09 15:47:27 MST 2016
611,-0.49949527,-0.25704908,-0.37763882,899.9563,Wed Nov 09 15:47:28 MST 2016
612,-0.4631045,-0.28857374,0.44258785,899.9379,Wed Nov 09 15:47:29 MST 2016
613,-0.30085295,-0.31998348,0.05784893,899.97144,Wed Nov 09 15:47:31 MST 2016
614,-0.4218374,-0.25729704,0.14495659,899.97266,Wed Nov 09 15:47:32 MST 2016
615,-0.27637085,-0.23435736,0.87108517,899.9729,Wed Nov 09 15:47:33 MST 2016
616,-0.4858906,-0.2789297,0.38702774,899.9883,Wed Nov 09 15:47:34 MST 2016
617,-0.37919846,-0.30511093,0.08704281,900.0,Wed Nov 09 15:47:36 MST 2016
618,-0.4891338,-0.1875124,0.2950735,900.0176,Wed Nov 09 15:47:37 MST 2016
619,-0.60936373,-0.32923985,0.07675266,900.0339,Wed Nov 09 15:47:38 MST 2016
620,-0.46196043,-0.40733433,0.0062656403,900.0293,Wed Nov 09 15:47:39 MST 2016
621,-0.13457447,-0.14718294,-0.09935093,900.0112,Wed Nov 09 15:47:40 MST 2016
622,0.10689759,-0.07835913,-0.22078419,899.9851,Wed Nov 09 15:47:42 MST 2016
623,0.36127877,-0.036201,-0.03408146,899.9811,Wed Nov 09 15:47:43 MST 2016
624,0.26309323,-0.07202244,-0.074438095,899.96704,Wed Nov 09 15:47:44 MST 2016
625,0.24027047,-0.040099144,0.10800552,899.97253,Wed Nov 09 15:47:45 MST 2016
626,-0.0014942288,-0.030652046,-0.039214134,899.9833,Wed Nov 09 15:47:47 MST 2016
627,0.004541546,-0.20457411,0.028817177,899.9767,Wed Nov 09 15:47:48 MST 2016
628,-0.5207952,-0.38046074,0.49085808,900.0076,Wed Nov 09 15:47:49 MST 2016
629,-0.48151082,-0.2346785,1.8262358,900.03143,Wed Nov 09 15:47:50 MST 2016
630,-0.7236351,-0.22950196,-0.09304428,900.0307,Wed Nov 09 15:47:51 MST 2016
631,-0.4903307,0.09539604,-0.40262318,900.0104,Wed Nov 09 15:47:53 MST 2016
632,-0.35985792,0.0880146,0.02938652,900.00867,Wed Nov 09 15:47:54 MST 2016
633,0.27664042,0.07785797,0.046049118,900.006,Wed Nov 09 15:47:55 MST 2016
634,0.86544275,-0.1313858,0.13807201,899.985,Wed Nov 09 15:47:56 MST 2016
635,0.7120172,-0.034558296,0.68756866,900.0067,Wed Nov 09 15:47:58 MST 2016
636,0.77773255,-0.35374308,0.32386112,899.9858,Wed Nov 09 15:47:59 MST 2016
637,1.0751696,-0.11341858,-0.17941761,899.9978,Wed Nov 09 15:48:00 MST 2016
638,1.0602549,0.11920357,0.0067129135,899.9389,Wed Nov 09 15:48:01 MST 2016
639,1.4955527,-0.062021732,-0.044739723,899.8908,Wed Nov 09 15:48:03 MST 2016
640,0.90470266,-0.011377335,0.07618809,899.8247,Wed Nov 09 15:48:04 MST 2016
641,-0.386626,-0.34429836,-0.5680237,899.7445,Wed Nov 09 15:48:05 MST 2016
642,-0.9722263,-0.47772074,0.23924923,899.6449,Wed Nov 09 15:48:06 MST 2016
643,-1.2755766,-0.43143606,-0.29949188,899.5552,Wed Nov 09 15:48:08 MST 2016
644,-0.8971355,0.055063725,-0.011885643,899.4756,Wed Nov 09 15:48:09 MST 2016
645,-0.7429965,-0.5339093,0.33937168,899.4073,Wed Nov 09 15:48:10 MST 2016
646,-0.5816514,-0.084420204,0.08241463,899.3712,Wed Nov 09 15:48:11 MST 2016
647,-0.43424955,-0.18066025,-0.3959732,899.34766,Wed Nov 09 15:48:12 MST 2016
648,-0.042534202,0.06495285,-0.32292747,899.3226,Wed Nov 09 15:48:14 MST 2016
649,0.110442996,-0.07319069,0.43387604,899.32025,Wed Nov 09 15:48:15 MST 2016
650,0.26633534,-0.24132514,0.604722,899.3162,Wed Nov 09 15:48:16 MST 2016
651,0.21175946,-0.2229724,0.10841751,899.3302,Wed Nov 09 15:48:17 MST 2016
652,0.08411658,0.059247494,-0.11415672,899.2958,Wed Nov 09 15:48:19 MST 2016
653,0.071768075,0.14091301,0.072071075,899.2656,Wed Nov 09 15:48:20 MST 2016
654,0.1150352,0.057645798,-0.024336815,899.23773,Wed Nov 09 15:48:21 MST 2016
655,0.0030069752,-0.109399796,0.10705948,899.20166,Wed Nov 09 15:48:22 MST 2016
656,0.29789558,-0.26008654,0.18613434,899.1699,Wed Nov 09 15:48:24 MST 2016
657,0.5401707,-0.20906448,-0.015526772,899.13055,Wed Nov 09 15:48:25 MST 2016
658,0.9722896,0.042171955,0.1541872,899.09875,Wed Nov 09 15:48:26 MST 2016
659,1.4332033,-0.41458654,-0.6682024,899.05646,Wed Nov 09 15:48:27 MST 2016
660,0.12989408,-0.079212666,0.50699806,899.0002,Wed Nov 09 15:48:28 MST 2016
661,-0.68090355,0.061531544,0.52471733,898.9576,Wed Nov 09 15:48:30 MST 2016
662,-0.63064134,0.2653799,-0.08355713,898.89636,Wed Nov 09 15:48:31 MST 2016
663,-0.54253685,-0.21251535,-0.15195179,898.86163,Wed Nov 09 15:48:32 MST 2016
664,-0.5759415,-0.10359955,-0.09747696,898.82526,Wed Nov 09 15:48:33 MST 2016
665,-0.37825477,-0.100642204,0.015678406,898.7751,Wed Nov 09 15:48:35 MST 2016
666,-0.06887214,-0.24897194,0.19361019,898.7148,Wed Nov 09 15:48:36 MST 2016
667,-0.132617,0.089416504,0.35872746,898.6787,Wed Nov 09 15:48:37 MST 2016
668,-0.0024904013,-0.2736473,-0.51780605,898.6331,Wed Nov 09 15:48:38 MST 2016
669,0.12968571,0.19056654,0.07503319,898.5741,Wed Nov 09 15:48:40 MST 2016
670,0.093507156,-0.1754775,0.10275078,898.53564,Wed Nov 09 15:48:41 MST 2016
671,0.51041657,-0.043058872,0.35610485,898.5265,Wed Nov 09 15:48:42 MST 2016
672,-0.2695402,0.031331062,-0.0430727,898.5109,Wed Nov 09 15:48:43 MST 2016
673,-0.33508033,-0.0079340935,0.6554575,898.49536,Wed Nov 09 15:48:44 MST 2016
674,-0.35169095,0.016569138,-0.3305006,898.44617,Wed Nov 09 15:48:46 MST 2016
675,-0.13270384,0.017098904,-0.1328001,898.42316,Wed Nov 09 15:48:47 MST 2016
676,0.0738579,0.03832388,0.09374714,898.39526,Wed Nov 09 15:48:48 MST 2016
677,0.51755023,0.055011272,0.49377346,898.3682,Wed Nov 09 15:48:49 MST 2016
678,0.49081972,-0.15077353,1.2194004,898.34296,Wed Nov 09 15:48:51 MST 2016
679,0.18738168,-0.1867075,0.048514366,898.2925,Wed Nov 09 15:48:52 MST 2016
680,0.761414,-0.26393032,-0.12906837,898.2311,Wed Nov 09 15:48:53 MST 2016
681,0.5972078,-0.045648575,-0.26013947,898.19885,Wed Nov 09 15:48:54 MST 2016
682,0.9521795,-0.12586641,-0.518672,898.1448,Wed Nov 09 15:48:56 MST 2016
683,-0.0026381612,0.34738111,-0.17428875,898.1001,Wed Nov 09 15:48:57 MST 2016
684,0.042678893,-0.011815548,0.31606293,898.06396,Wed Nov 09 15:48:58 MST 2016
685,-0.36505678,0.042083263,-0.15958977,897.975,Wed Nov 09 15:48:59 MST 2016
686,-0.2096906,0.17788506,0.22522259,897.946,Wed Nov 09 15:49:00 MST 2016
687,-0.22928455,-0.1098032,-0.25281525,897.88806,Wed Nov 09 15:49:02 MST 2016
688,-0.37020263,0.086408615,-0.1656189,897.8577,Wed Nov 09 15:49:03 MST 2016
689,-0.21247897,0.0756731,0.06288242,897.7782,Wed Nov 09 15:49:04 MST 2016
690,-0.41945863,-0.12097311,0.18322468,897.71063,Wed Nov 09 15:49:05 MST 2016
691,-0.25618652,-0.093420506,0.19317436,897.6246,Wed Nov 09 15:49:07 MST 2016
692,-0.33501804,-0.24398756,0.010519028,897.54205,Wed Nov 09 15:49:08 MST 2016
693,0.12083942,-0.15589666,0.18144798,897.44446,Wed Nov 09 15:49:09 MST 2016
694,0.4594176,-0.1510973,0.2589264,897.3636,Wed Nov 09 15:49:10 MST 2016
695,0.35071987,-0.0056505203,-1.0027418,897.24603,Wed Nov 09 15:49:12 MST 2016
696,0.21530104,0.022415638,-0.04558468,897.1494,Wed Nov 09 15:49:13 MST 2016
697,0.35711798,-0.0221138,-0.11525154,897.0666,Wed Nov 09 15:49:14 MST 2016
698,0.53096175,-0.26824188,-0.029917717,896.9994,Wed Nov 09 15:49:15 MST 2016
699,0.6823841,0.004473686,-0.21874142,896.9529,Wed Nov 09 15:49:17 MST 2016
700,0.31912524,0.16240358,-0.6142864,896.9184,Wed Nov 09 15:49:18 MST 2016
701,0.27312642,-0.1737814,-0.3393154,896.912,Wed Nov 09 15:49:19 MST 2016
702,0.053138673,-0.10310769,0.1509676,896.88513,Wed Nov 09 15:49:20 MST 2016
703,0.20822805,0.0047166348,-0.16429901,896.87915,Wed Nov 09 15:49:22 MST 2016
704,0.25107563,0.24727225,-0.2953062,896.89044,Wed Nov 09 15:49:23 MST 2016
705,0.07334411,0.11967564,-0.25593758,896.90753,Wed Nov 09 15:49:24 MST 2016
706,0.2008816,-0.43056726,0.21176243,896.94214,Wed Nov 09 15:49:25 MST 2016
707,0.06183493,-0.2998395,0.28174973,897.00085,Wed Nov 09 15:49:27 MST 2016
708,-0.17237687,-0.047996998,0.15642643,897.0312,Wed Nov 09 15:49:28 MST 2016
709,-0.23897386,0.14717722,0.00454998,897.08887,Wed Nov 09 15:49:29 MST 2016
710,-0.69754887,-0.19441414,-0.009697914,897.11914,Wed Nov 09 15:49:30 MST 2016
711,-0.49298412,-0.19243526,-0.40104198,897.1223,Wed Nov 09 15:49:32 MST 2016
712,-0.88699734,-0.08195639,0.49396896,897.16077,Wed Nov 09 15:49:33 MST 2016
713,-0.75914276,-0.21207762,0.16182041,897.1442,Wed Nov 09 15:49:34 MST 2016
714,-0.43135914,-0.08217192,0.16376877,897.1477,Wed Nov 09 15:49:35 MST 2016
715,-0.3856848,-0.3129487,0.3457451,897.1138,Wed Nov 09 15:49:37 MST 2016
716,0.07812703,-0.44109154,0.31272602,897.0872,Wed Nov 09 15:49:38 MST 2016
717,0.35432148,-0.24033976,-0.012001991,896.9988,Wed Nov 09 15:49:39 MST 2016
718,0.5233014,-0.22012234,0.2798872,896.9406,Wed Nov 09 15:49:40 MST 2016
719,0.24712312,-0.02724266,0.3638668,896.8463,Wed Nov 09 15:49:42 MST 2016
720,0.32965204,-0.09567022,-0.30482578,896.7543,Wed Nov 09 15:49:43 MST 2016
721,0.25170124,0.19016457,-0.15865803,896.66833,Wed Nov 09 15:49:44 MST 2016
722,0.30529732,0.28198528,-0.01890564,896.61,Wed Nov 09 15:49:45 MST 2016
723,0.5526274,-0.08177853,-0.18058491,896.54565,Wed Nov 09 15:49:47 MST 2016
724,0.1899305,0.036527634,-0.18595219,896.4876,Wed Nov 09 15:49:48 MST 2016
725,0.021047533,-0.08118057,0.45107937,896.4579,Wed Nov 09 15:49:49 MST 2016
726,-0.31591433,-0.30468607,0.16016388,896.4409,Wed Nov 09 15:49:50 MST 2016
727,-0.22421372,-0.39430714,0.15922546,896.4376,Wed Nov 09 15:49:52 MST 2016
728,-0.013321668,-0.21814775,0.070682526,896.4148,Wed Nov 09 15:49:53 MST 2016
729,-0.47972357,-0.1020298,0.5202408,896.41077,Wed Nov 09 15:49:54 MST 2016
730,-0.3004301,0.07264805,-0.19536686,896.3581,Wed Nov 09 15:49:55 MST 2016
731,-0.07396667,0.35829592,0.118813515,896.29785,Wed Nov 09 15:49:57 MST 2016
732,0.033156276,0.24155188,-0.11521816,896.2232,Wed Nov 09 15:49:58 MST 2016
733,0.046861976,-0.041684628,0.13995647,896.1382,Wed Nov 09 15:49:59 MST 2016
734,-0.02773583,-0.2515316,0.23732471,896.06213,Wed Nov 09 15:50:00 MST 2016
735,-0.14232916,-0.15765,-0.20652485,895.9679,Wed Nov 09 15:50:02 MST 2016
736,-0.12028277,0.011747837,0.27200127,895.8853,Wed Nov 09 15:50:03 MST 2016
737,0.17536327,0.036658287,-0.22885513,895.77954,Wed Nov 09 15:50:04 MST 2016
738,0.048614264,0.03853798,-0.09820843,895.6937,Wed Nov 09 15:50:05 MST 2016
739,0.068728715,-0.06618738,-0.07191372,895.6005,Wed Nov 09 15:50:07 MST 2016
740,-0.057816505,-0.010085583,-0.07465172,895.5065,Wed Nov 09 15:50:08 MST 2016
741,-0.051477343,-0.056070805,-0.13902569,895.4305,Wed Nov 09 15:50:09 MST 2016
742,0.13074604,0.028451443,-0.51203537,895.34985,Wed Nov 09 15:50:10 MST 2016
743,0.21702754,0.14454842,0.48122883,895.2844,Wed Nov 09 15:50:12 MST 2016
744,0.21425086,0.0011758804,-0.08468342,895.2136,Wed Nov 09 15:50:13 MST 2016
745,-0.08070118,7.801056E-4,-0.117773056,895.1537,Wed Nov 09 15:50:14 MST 2016
746,0.13667995,-0.12940693,-0.06623268,895.08093,Wed Nov 09 15:50:15 MST 2016
747,0.21519792,-0.26905632,-0.06919193,895.0134,Wed Nov 09 15:50:17 MST 2016
748,0.16358125,-0.061876297,0.05764866,894.9407,Wed Nov 09 15:50:18 MST 2016
749,-0.080102496,-0.012469292,-0.17697144,894.8933,Wed Nov 09 15:50:19 MST 2016
750,-0.29947287,-0.022417545,-0.16846943,894.83484,Wed Nov 09 15:50:20 MST 2016
751,0.44254476,0.4887271,1.2575045,894.76447,Wed Nov 09 15:50:22 MST 2016
752,-0.05550934,0.18755388,0.806242,894.6871,Wed Nov 09 15:50:23 MST 2016
753,0.040153243,-0.31125593,0.18760014,894.62445,Wed Nov 09 15:50:24 MST 2016
754,0.17986175,-0.11277342,0.12854958,894.5844,Wed Nov 09 15:50:25 MST 2016
755,-0.009310238,0.0053133965,0.30778217,894.5084,Wed Nov 09 15:50:27 MST 2016
756,-0.16842768,0.041942596,0.08535099,894.4182,Wed Nov 09 15:50:28 MST 2016
757,-0.06750217,0.22323704,0.26201248,894.3643,Wed Nov 09 15:50:29 MST 2016
758,0.12549475,0.13050365,0.01723671,894.31476,Wed Nov 09 15:50:30 MST 2016
759,0.10704241,0.09915018,0.014614105,894.23303,Wed Nov 09 15:50:32 MST 2016
760,0.043653063,0.018290997,-0.45616627,894.1906,Wed Nov 09 15:50:33 MST 2016
761,-0.08932236,0.19577122,-0.2660694,894.12494,Wed Nov 09 15:50:34 MST 2016
762,-0.20474604,0.06493139,-0.11423111,894.0615,Wed Nov 09 15:50:35 MST 2016
763,-0.73170424,0.028409481,-0.029542923,893.99634,Wed Nov 09 15:50:37 MST 2016
764,-0.4187357,0.19484663,-0.16723633,893.9502,Wed Nov 09 15:50:38 MST 2016
765,-0.039515376,-0.2897787,-0.3688879,893.8979,Wed Nov 09 15:50:39 MST 2016
766,-0.24492812,-0.31620646,-0.017245293,893.8688,Wed Nov 09 15:50:40 MST 2016
767,-0.033849,-0.4679947,0.41278458,893.84924,Wed Nov 09 15:50:42 MST 2016
768,0.30517668,-0.23760653,-0.16750717,893.85474,Wed Nov 09 15:50:43 MST 2016
769,1.7291751,-0.73184323,0.07177925,893.89215,Wed Nov 09 15:50:44 MST 2016
770,1.289238,-0.5300553,-0.077056885,893.9831,Wed Nov 09 15:50:46 MST 2016
771,1.0503337,-0.254982,-0.2206335,894.07074,Wed Nov 09 15:50:47 MST 2016
772,0.45518494,0.05496049,-0.06071949,894.15753,Wed Nov 09 15:50:48 MST 2016
773,0.43310702,-0.07346535,0.091858864,894.2711,Wed Nov 09 15:50:49 MST 2016
774,0.4278264,-0.19508123,-0.032009125,894.36194,Wed Nov 09 15:50:51 MST 2016
775,0.32101762,-0.15505433,0.13554764,894.4917,Wed Nov 09 15:50:52 MST 2016
776,0.3346367,-0.29922247,-0.769104,894.59485,Wed Nov 09 15:50:53 MST 2016
777,0.044014096,-0.53462625,0.4996252,894.70844,Wed Nov 09 15:50:54 MST 2016
778,-0.1836077,-0.017781734,-0.03287506,894.8427,Wed Nov 09 15:50:56 MST 2016
779,0.04011333,-0.3802886,0.020373344,895.01965,Wed Nov 09 15:50:57 MST 2016
780,-0.5104119,-0.829782,0.4713421,895.10486,Wed Nov 09 15:50:58 MST 2016
781,-0.4622291,-0.60036564,0.40869522,895.2454,Wed Nov 09 15:50:59 MST 2016
782,-0.34829307,-0.16513133,0.68074703,895.38574,Wed Nov 09 15:51:01 MST 2016
783,-0.9382525,0.09600711,0.15876865,895.4546,Wed Nov 09 15:51:02 MST 2016
784,0.15856522,-0.25745392,-0.059253693,895.51746,Wed Nov 09 15:51:03 MST 2016
785,0.6415699,-0.85439205,0.7873144,895.5869,Wed Nov 09 15:51:05 MST 2016
786,0.0026533306,0.19977999,-0.4286852,895.6167,Wed Nov 09 15:51:06 MST 2016
787,-1.1324917,0.4513929,0.020842552,895.6283,Wed Nov 09 15:50:41 MST 2016
788,-1.5587623,0.08632183,-0.51946735,895.63196,Wed Nov 09 15:50:43 MST 2016
789,-1.7137535,0.085780144,0.07954025,895.6277,Wed Nov 09 15:50:44 MST 2016
790,-0.3783027,-0.6451745,0.5685682,895.68567,Wed Nov 09 15:50:45 MST 2016
791,0.9096364,-0.05252981,0.16885567,895.6823,Wed Nov 09 15:50:46 MST 2016
792,0.9207259,-0.2738886,0.001042366,895.66736,Wed Nov 09 15:50:48 MST 2016
793,0.61005485,-0.44485188,0.58038807,895.6755,Wed Nov 09 15:50:49 MST 2016
794,0.38443768,-0.54897165,0.46664238,895.6407,Wed Nov 09 15:50:50 MST 2016
795,0.3298321,-0.53180504,0.9020519,895.6162,Wed Nov 09 15:51:18 MST 2016
796,0.313464,-0.17342758,0.25816822,895.5987,Wed Nov 09 15:51:19 MST 2016
797,0.26335573,-0.015441418,-0.0041208267,895.601,Wed Nov 09 15:50:54 MST 2016
798,0.35838974,0.06687164,0.7254114,895.64246,Wed Nov 09 15:50:55 MST 2016
799,0.059300184,-0.13540363,-0.24136066,895.7075,Wed Nov 09 15:50:56 MST 2016
800,0.47866565,0.30222368,0.31186962,895.8155,Wed Nov 09 15:50:57 MST 2016
801,0.26375383,-0.010189056,0.37495995,895.915,Wed Nov 09 15:50:59 MST 2016
802,0.43188113,0.039062977,0.59701824,896.0298,Wed Nov 09 15:51:00 MST 2016
803,0.18015939,-0.10717726,0.12508965,896.0779,Wed Nov 09 15:51:01 MST 2016
804,0.0339424,-0.22773981,0.31820107,896.1643,Wed Nov 09 15:51:03 MST 2016
805,0.26301008,-0.26240873,-0.11768913,896.2352,Wed Nov 09 15:51:04 MST 2016
806,0.4479069,-0.06415105,0.5592413,896.30853,Wed Nov 09 15:51:05 MST 2016
807,-0.18106365,-0.049006462,-0.27591133,896.3837,Wed Nov 09 15:51:06 MST 2016
808,0.06911835,-0.38714266,-0.025694847,896.4833,Wed Nov 09 15:51:08 MST 2016
809,-0.035976544,-0.22398043,0.47749805,896.5178,Wed Nov 09 15:51:09 MST 2016
810,0.1785783,-1.3843832,0.82731056,896.5724,Wed Nov 09 15:51:10 MST 2016
811,0.123801135,-1.361115,0.37089443,896.62524,Wed Nov 09 15:51:12 MST 2016
812,0.045345187,-1.0471187,0.5094614,896.6774,Wed Nov 09 15:51:13 MST 2016
813,0.04176456,-0.32901597,0.07287407,896.6463,Wed Nov 09 15:51:14 MST 2016
814,-0.06826347,1.919157,-0.9610777,896.6228,Wed Nov 09 15:51:15 MST 2016
815,0.1598764,2.4140286,-1.1580372,896.60956,Wed Nov 09 15:51:17 MST 2016
816,1.1680241,0.7305331,-0.41634464,896.6037,Wed Nov 09 15:51:18 MST 2016
817,1.1424298,0.5216861,0.06570721,896.5816,Wed Nov 09 15:51:19 MST 2016
818,0.80530804,0.39884996,0.02888298,896.5626,Wed Nov 09 15:51:21 MST 2016
819,-0.16525789,0.2500553,-0.34572315,896.51,Wed Nov 09 15:51:22 MST 2016
820,-0.36061537,-0.2082839,0.02794075,896.4694,Wed Nov 09 15:51:23 MST 2016
821,-0.25120765,-0.20857334,0.34439373,896.4231,Wed Nov 09 15:51:24 MST 2016
822,-0.18935254,-0.40509653,0.058333397,896.4007,Wed Nov 09 15:51:26 MST 2016
823,-0.2410798,-0.4895811,0.012462616,896.3153,Wed Nov 09 15:51:27 MST 2016
824,-0.14993149,-0.47551346,0.46534348,896.27,Wed Nov 09 15:51:54 MST 2016
825,-0.48793536,-0.64583683,0.47261047,896.2564,Wed Nov 09 15:51:56 MST 2016
826,-0.35159355,-0.5780735,0.6887684,896.20874,Wed Nov 09 15:51:57 MST 2016
827,0.28113228,-1.4458838,0.6110172,896.21014,Wed Nov 09 15:51:58 MST 2016
828,0.38486966,-1.7220681,0.9332371,896.21814,Wed Nov 09 15:51:59 MST 2016
829,-1.1290842,-0.03793478,-0.13471317,896.219,Wed Nov 09 15:52:01 MST 2016
830,-1.8057845,0.37080336,0.11313915,896.2301,Wed Nov 09 15:52:02 MST 2016
831,-0.64329463,-0.6825919,0.8420868,896.2249,Wed Nov 09 15:52:03 MST 2016
832,1.3405559,-0.33752728,0.70671177,896.18176,Wed Nov 09 15:52:04 MST 2016
833,1.0446237,-0.54704666,0.16936493,896.0862,Wed Nov 09 15:52:06 MST 2016
834,1.2165492,-0.6375537,-0.112935066,896.073,Wed Nov 09 15:52:07 MST 2016
835,1.8130205,-0.4366517,1.3760481,896.0307,Wed Nov 09 15:52:08 MST 2016
836,0.73307866,-0.313663,-0.24243069,895.9907,Wed Nov 09 15:52:10 MST 2016
837,0.6473372,-0.1051383,0.18480778,895.93475,Wed Nov 09 15:52:11 MST 2016
838,0.05225742,-0.46282053,0.18107891,895.8766,Wed Nov 09 15:52:12 MST 2016
839,0.6202624,-1.2568941,0.42998314,895.81494,Wed Nov 09 15:52:13 MST 2016
840,0.70272213,-0.99278545,0.2386713,895.78625,Wed Nov 09 15:52:15 MST 2016
841,-0.625643,0.65572643,0.1297121,895.7604,Wed Nov 09 15:52:16 MST 2016
842,1.0047374,0.7612686,-1.6607237,895.7232,Wed Nov 09 15:52:17 MST 2016
843,-0.10367429,0.7814374,-0.45193958,895.6888,Wed Nov 09 15:52:19 MST 2016
844,-0.41946507,0.5200243,-0.26898003,895.6976,Wed Nov 09 15:52:20 MST 2016
845,-0.8253273,0.44402933,0.37539577,895.6681,Wed Nov 09 15:52:21 MST 2016
846,-0.32720888,0.2859373,-0.07570934,895.6971,Wed Nov 09 15:52:22 MST 2016
847,0.027773142,-0.3656268,0.49376297,895.7337,Wed Nov 09 15:52:24 MST 2016
848,0.4187814,-0.6891446,0.20101643,895.7542,Wed Nov 09 15:52:25 MST 2016
849,0.4497354,-0.015758991,0.09981918,895.76074,Wed Nov 09 15:52:26 MST 2016
850,0.4408803,-0.5509634,0.45949268,895.7567,Wed Nov 09 15:52:27 MST 2016
851,0.45523834,-0.22899866,0.29476357,895.7141,Wed Nov 09 15:52:29 MST 2016
852,0.34996557,-0.06938028,0.09710598,895.67426,Wed Nov 09 15:52:30 MST 2016
853,-0.11523187,2.1886826E-4,-0.04083252,895.63983,Wed Nov 09 15:52:31 MST 2016
854,-0.50628084,0.12761402,-0.28827667,895.61285,Wed Nov 09 15:52:33 MST 2016
855,-0.46598268,0.060950756,-0.17044449,895.603,Wed Nov 09 15:52:34 MST 2016
856,-0.6194735,0.03370285,-0.120435715,895.5774,Wed Nov 09 15:52:35 MST 2016
857,-0.4024606,-0.035286427,-0.034892082,895.5408,Wed Nov 09 15:52:36 MST 2016
858,-0.30136025,-0.06545019,0.15918922,895.4977,Wed Nov 09 15:52:38 MST 2016
859,0.022580683,-0.32198286,-0.1323824,895.4545,Wed Nov 09 15:52:39 MST 2016
860,0.10696733,-0.2755642,-0.11062431,895.4431,Wed Nov 09 15:52:40 MST 2016
861,0.28816718,0.19242144,0.6316786,895.39124,Wed Nov 09 15:52:41 MST 2016
862,0.37909842,-0.6249628,0.33527374,895.3058,Wed Nov 09 15:52:43 MST 2016
863,0.12556678,-0.068944454,1.6616583,895.2189,Wed Nov 09 15:52:44 MST 2016
864,0.5569905,0.076478004,0.15739155,895.15094,Wed Nov 09 15:52:45 MST 2016
865,0.6970478,-0.64626193,0.002951622,895.1023,Wed Nov 09 15:52:47 MST 2016
866,0.6594632,-0.5144634,0.4431677,895.10425,Wed Nov 09 15:52:48 MST 2016
867,-0.3625381,-1.197551,0.6430788,895.1663,Wed Nov 09 15:52:49 MST 2016
868,-0.5776644,-1.47013,0.88391876,895.2737,Wed Nov 09 15:52:50 MST 2016
869,0.16608927,2.0001364,-0.9653387,895.28986,Wed Nov 09 15:52:52 MST 2016
870,-0.81224585,1.910393,-0.8022566,895.27405,Wed Nov 09 15:52:53 MST 2016
871,-0.64080906,0.23898077,-0.5479145,895.28143,Wed Nov 09 15:52:54 MST 2016
872,-1.2193587,-0.056487083,-0.070218086,895.23804,Wed Nov 09 15:52:56 MST 2016
873,-0.05089107,0.08122921,0.12332344,895.111,Wed Nov 09 15:52:57 MST 2016
874,0.6795002,-0.39654398,0.19102955,895.0302,Wed Nov 09 15:52:58 MST 2016
875,0.53394383,-0.15951347,0.07375908,894.9502,Wed Nov 09 15:52:59 MST 2016
876,0.22343627,-0.36686325,-0.06553173,894.8598,Wed Nov 09 15:53:01 MST 2016
877,0.16527995,-0.48442936,0.5324383,894.7926,Wed Nov 09 15:53:02 MST 2016
878,-0.06437337,-0.41586113,0.10252571,894.74756,Wed Nov 09 15:53:03 MST 2016
879,0.11428742,-0.22937441,-0.0712738,894.67004,Wed Nov 09 15:53:05 MST 2016
880,-0.37421182,-0.42779398,0.33062267,894.62494,Wed Nov 09 15:53:06 MST 2016
881,0.15963918,-0.07752466,-0.07540035,894.5559,Wed Nov 09 15:53:07 MST 2016
882,0.15411846,0.14367676,0.016819954,894.42505,Wed Nov 09 15:53:08 MST 2016
883,0.32494017,0.0883646,-0.033370018,894.1855,Wed Nov 09 15:53:10 MST 2016
884,0.23242897,0.058288097,-0.11763477,894.0322,Wed Nov 09 15:53:11 MST 2016
885,0.13109663,-0.030581474,0.01615429,893.91864,Wed Nov 09 15:53:12 MST 2016
886,-0.2885018,0.049354076,-0.07273197,893.8605,Wed Nov 09 15:53:14 MST 2016
887,-0.060161382,-0.053931236,-0.2507906,893.8094,Wed Nov 09 15:53:15 MST 2016
888,-0.020704985,0.04160595,0.05258274,893.7769,Wed Nov 09 15:53:16 MST 2016
889,-0.0867793,-0.041707516,-0.16219902,893.72363,Wed Nov 09 15:53:17 MST 2016
890,0.011680484,-0.14797497,-0.13269901,893.6961,Wed Nov 09 15:53:19 MST 2016
891,-0.06357777,-0.07608795,0.14570999,893.6363,Wed Nov 09 15:53:20 MST 2016
892,0.9668787,-0.09555864,-0.003930092,893.5754,Wed Nov 09 15:53:21 MST 2016
893,0.11322951,-1.4016743,-1.6209588,893.5555,Wed Nov 09 15:53:23 MST 2016
894,0.6593541,-0.5657377,0.048319817,893.53064,Wed Nov 09 15:53:24 MST 2016
895,0.3809719,-0.84004784,0.51356506,893.57825,Wed Nov 09 15:53:25 MST 2016
896,-0.49881232,-1.0735304,0.8848696,893.6471,Wed Nov 09 15:53:27 MST 2016
